,Closenes
0,Closenes Centrality Node 10 = 0.22499999999999998
1,Closenes Centrality Node 13 = 0.32679738562091504
2,Closenes Centrality Node 8 = 0.8571428571428571
3,Closenes Centrality Node 24 = 0.08
4,Closenes Centrality Node 10 = 0.17361111111111113
5,Closenes Centrality Node 9 = 0.0625
6,Closenes Centrality Node 7 = 0.0
7,Closenes Centrality Node 14 = 0.36734693877551017
8,Closenes Centrality Node 14 = 0.6086956521739131
9,Closenes Centrality Node 13 = 0.46153846153846156
10,Closenes Centrality Node 19 = 0.3557168784029038
11,Closenes Centrality Node 17 = 0.48576850094876656
12,Closenes Centrality Node 13 = 0.5401785714285714
13,Closenes Centrality Node 16 = 0.4411764705882353
14,Closenes Centrality Node 13 = 0.35714285714285715
15,Closenes Centrality Node 8 = 0.058823529411764705
16,Closenes Centrality Node 15 = 0.6114130434782609
17,Closenes Centrality Node 5 = 0.0
18,Closenes Centrality Node 6 = 0.0625
19,Closenes Centrality Node 16 = 0.35714285714285715
20,Closenes Centrality Node 12 = 0.39542483660130723
21,Closenes Centrality Node 12 = 0.35380116959064334
22,Closenes Centrality Node 6 = 0.17647058823529413
23,Closenes Centrality Node 19 = 0.4745484400656814
24,Closenes Centrality Node 20 = 0.2474747474747475
25,Closenes Centrality Node 16 = 0.2619047619047619
26,Closenes Centrality Node 18 = 0.43269230769230765
27,Closenes Centrality Node 16 = 0.4563894523326572
28,Closenes Centrality Node 12 = 0.43636363636363634
29,Closenes Centrality Node 14 = 0.42013888888888895
30,Closenes Centrality Node 7 = 0.19838056680161942
31,Closenes Centrality Node 6 = 0.08333333333333333
32,Closenes Centrality Node 13 = 0.39999999999999997
33,Closenes Centrality Node 13 = 0.0
34,Closenes Centrality Node 17 = 0.4429065743944637
35,Closenes Centrality Node 14 = 0.6493506493506493
36,Closenes Centrality Node 6 = 0.0
37,Closenes Centrality Node 5 = 0.0
38,Closenes Centrality Node 12 = 0.41666666666666663
39,Closenes Centrality Node 8 = 0.09523809523809523
40,Closenes Centrality Node 9 = 0.30476190476190473
41,Closenes Centrality Node 22 = 0.2403846153846154
42,Closenes Centrality Node 13 = 0.3850267379679144
43,Closenes Centrality Node 7 = 0.2692307692307692
44,Closenes Centrality Node 10 = 0.0
45,Closenes Centrality Node 9 = 0.30476190476190473
46,Closenes Centrality Node 12 = 0.36828644501278773
47,Closenes Centrality Node 13 = 0.38095238095238093
48,Closenes Centrality Node 6 = 0.0
49,Closenes Centrality Node 6 = 0.21818181818181817
50,Closenes Centrality Node 13 = 0.5538461538461539
51,Closenes Centrality Node 12 = 0.0
52,Closenes Centrality Node 7 = 0.0
53,Closenes Centrality Node 17 = 0.14705882352941177
54,Closenes Centrality Node 17 = 0.21834625322997414
55,Closenes Centrality Node 9 = 0.38095238095238093
56,Closenes Centrality Node 13 = 0.0
57,Closenes Centrality Node 12 = 0.0
58,Closenes Centrality Node 18 = 0.0
59,Closenes Centrality Node 12 = 0.2784090909090909
60,Closenes Centrality Node 13 = 0.0857142857142857
61,Closenes Centrality Node 7 = 0.06666666666666667
62,Closenes Centrality Node 16 = 0.3962848297213622
63,Closenes Centrality Node 23 = 0.17285714285714285
64,Closenes Centrality Node 16 = 0.5490196078431372
65,Closenes Centrality Node 10 = 0.5128205128205128
66,Closenes Centrality Node 14 = 0.43214285714285716
67,Closenes Centrality Node 5 = 0.0
68,Closenes Centrality Node 17 = 0.45187165775401067
69,Closenes Centrality Node 19 = 0.3657142857142857
70,Closenes Centrality Node 7 = 0.08333333333333333
71,Closenes Centrality Node 17 = 0.307797537619699
72,Closenes Centrality Node 14 = 0.6222222222222222
73,Closenes Centrality Node 11 = 0.28985507246376807
74,Closenes Centrality Node 16 = 0.13445378151260504
75,Closenes Centrality Node 12 = 0.2688888888888889
76,Closenes Centrality Node 8 = 0.0
77,Closenes Centrality Node 13 = 0.20833333333333331
78,Closenes Centrality Node 15 = 0.384
79,Closenes Centrality Node 13 = 0.35588235294117654
80,Closenes Centrality Node 13 = 0.0
81,Closenes Centrality Node 17 = 0.5
82,Closenes Centrality Node 12 = 0.4816053511705686
83,Closenes Centrality Node 14 = 0.5681159420289855
84,Closenes Centrality Node 14 = 0.2976190476190476
85,Closenes Centrality Node 17 = 0.0
86,Closenes Centrality Node 6 = 0.3636363636363636
87,Closenes Centrality Node 17 = 0.4609250398724083
88,Closenes Centrality Node 11 = 0.3401360544217687
89,Closenes Centrality Node 16 = 0.3820662768031189
90,Closenes Centrality Node 14 = 0.45714285714285713
91,Closenes Centrality Node 15 = 0.41728395061728396
92,Closenes Centrality Node 12 = 0.24543610547667344
93,Closenes Centrality Node 15 = 0.49000000000000005
94,Closenes Centrality Node 16 = 0.4849137931034483
95,Closenes Centrality Node 14 = 0.5029761904761905
96,Closenes Centrality Node 11 = 0.44814814814814813
97,Closenes Centrality Node 5 = 0.0
98,Closenes Centrality Node 20 = 0.4017857142857143
99,Closenes Centrality Node 16 = 0.2857142857142857
100,Closenes Centrality Node 14 = 0.5294117647058824
101,Closenes Centrality Node 14 = 0.33531746031746035
102,Closenes Centrality Node 15 = 0.5052631578947369
103,Closenes Centrality Node 8 = 0.24
104,Closenes Centrality Node 15 = 0.46875
105,Closenes Centrality Node 13 = 0.37037037037037035
106,Closenes Centrality Node 15 = 0.390625
107,Closenes Centrality Node 12 = 0.3141025641025641
108,Closenes Centrality Node 6 = 0.22321428571428573
109,Closenes Centrality Node 14 = 0.41142857142857137
110,Closenes Centrality Node 10 = 0.33749999999999997
111,Closenes Centrality Node 8 = 0.3636363636363636
112,Closenes Centrality Node 7 = 0.0
113,Closenes Centrality Node 11 = 0.48484848484848486
114,Closenes Centrality Node 15 = 0.44814814814814813
115,Closenes Centrality Node 7 = 0.0
116,Closenes Centrality Node 16 = 0.5925925925925926
117,Closenes Centrality Node 11 = 0.36231884057971014
118,Closenes Centrality Node 17 = 0.38496240601503756
119,Closenes Centrality Node 10 = 0.23684210526315788
120,Closenes Centrality Node 14 = 0.5833333333333334
121,Closenes Centrality Node 16 = 0.6392045454545454
122,Closenes Centrality Node 12 = 0.5647058823529413
123,Closenes Centrality Node 15 = 0.3176470588235294
124,Closenes Centrality Node 11 = 0.44814814814814813
125,Closenes Centrality Node 13 = 0.0
126,Closenes Centrality Node 17 = 0.4901960784313726
127,Closenes Centrality Node 18 = 0.33733133433283363
128,Closenes Centrality Node 6 = 0.0
129,Closenes Centrality Node 16 = 0.5192697768762677
130,Closenes Centrality Node 11 = 0.3176470588235294
131,Closenes Centrality Node 11 = 0.3282051282051282
132,Closenes Centrality Node 9 = 0.3665158371040724
133,Closenes Centrality Node 17 = 0.24019607843137256
134,Closenes Centrality Node 16 = 0.32579185520362
135,Closenes Centrality Node 15 = 0.6521739130434783
136,Closenes Centrality Node 11 = 0.16289592760181
137,Closenes Centrality Node 6 = 0.18367346938775508
138,Closenes Centrality Node 7 = 0.37692307692307686
139,Closenes Centrality Node 15 = 0.2545454545454546
140,Closenes Centrality Node 13 = 0.41142857142857137
141,Closenes Centrality Node 20 = 0.4821428571428571
142,Closenes Centrality Node 4 = 0.0
143,Closenes Centrality Node 15 = 0.48
144,Closenes Centrality Node 9 = 0.28994082840236685
145,Closenes Centrality Node 9 = 0.0
146,Closenes Centrality Node 13 = 0.5413533834586466
147,Closenes Centrality Node 13 = 0.47265625
148,Closenes Centrality Node 14 = 0.2094017094017094
149,Closenes Centrality Node 11 = 0.37593984962406013
150,Closenes Centrality Node 10 = 0.0
151,Closenes Centrality Node 13 = 0.5365079365079365
152,Closenes Centrality Node 10 = 0.32679738562091504
153,Closenes Centrality Node 5 = 0.0
154,Closenes Centrality Node 7 = 0.34265734265734266
155,Closenes Centrality Node 13 = 0.2784090909090909
156,Closenes Centrality Node 14 = 0.2847058823529412
157,Closenes Centrality Node 16 = 0.4611764705882353
158,Closenes Centrality Node 13 = 0.3841269841269841
159,Closenes Centrality Node 15 = 0.0
160,Closenes Centrality Node 12 = 0.26298701298701305
161,Closenes Centrality Node 8 = 0.0
162,Closenes Centrality Node 9 = 0.21176470588235294
163,Closenes Centrality Node 14 = 0.28125
164,Closenes Centrality Node 11 = 0.37345679012345684
165,Closenes Centrality Node 14 = 0.45714285714285713
166,Closenes Centrality Node 17 = 0.4270152505446623
167,Closenes Centrality Node 13 = 0.26298701298701305
168,Closenes Centrality Node 9 = 0.3403361344537815
169,Closenes Centrality Node 11 = 0.6493506493506493
170,Closenes Centrality Node 15 = 0.5555555555555556
171,Closenes Centrality Node 11 = 0.3105590062111801
172,Closenes Centrality Node 15 = 0.4592391304347826
173,Closenes Centrality Node 15 = 0.36828644501278773
174,Closenes Centrality Node 15 = 0.32679738562091504
175,Closenes Centrality Node 3 = 0.09523809523809523
176,Closenes Centrality Node 20 = 0.39054054054054055
177,Closenes Centrality Node 19 = 0.348297213622291
178,Closenes Centrality Node 18 = 0.42857142857142855
179,Closenes Centrality Node 10 = 0.2664473684210526
180,Closenes Centrality Node 15 = 0.4666666666666667
181,Closenes Centrality Node 16 = 0.5019607843137255
182,Closenes Centrality Node 17 = 0.53125
183,Closenes Centrality Node 12 = 0.6000000000000001
184,Closenes Centrality Node 14 = 0.13368983957219252
185,Closenes Centrality Node 16 = 0.2647058823529412
186,Closenes Centrality Node 11 = 0.462962962962963
187,Closenes Centrality Node 8 = 0.08888888888888888
188,Closenes Centrality Node 11 = 0.41666666666666663
189,Closenes Centrality Node 9 = 0.36
190,Closenes Centrality Node 13 = 0.6035714285714286
191,Closenes Centrality Node 5 = 0.0
192,Closenes Centrality Node 12 = 0.0
193,Closenes Centrality Node 14 = 0.5384615384615384
194,Closenes Centrality Node 8 = 0.16666666666666666
195,Closenes Centrality Node 14 = 0.35588235294117654
196,Closenes Centrality Node 14 = 0.45714285714285713
197,Closenes Centrality Node 5 = 0.25510204081632654
198,Closenes Centrality Node 13 = 0.5413533834586466
199,Closenes Centrality Node 17 = 0.5079365079365079
200,Closenes Centrality Node 12 = 0.18461538461538463
201,Closenes Centrality Node 8 = 0.21333333333333335
202,Closenes Centrality Node 12 = 0.12
203,Closenes Centrality Node 17 = 0.6980676328502415
204,Closenes Centrality Node 11 = 0.41666666666666663
205,Closenes Centrality Node 12 = 0.3095975232198142
206,Closenes Centrality Node 14 = 0.38571428571428573
207,Closenes Centrality Node 12 = 0.4901960784313726
208,Closenes Centrality Node 14 = 0.44999999999999996
209,Closenes Centrality Node 16 = 0.40329218106995884
210,Closenes Centrality Node 17 = 0.43097643097643096
211,Closenes Centrality Node 17 = 0.4023809523809524
212,Closenes Centrality Node 13 = 0.2245614035087719
213,Closenes Centrality Node 12 = 0.42013888888888884
214,Closenes Centrality Node 12 = 0.42016806722689076
215,Closenes Centrality Node 13 = 0.5052631578947369
216,Closenes Centrality Node 14 = 0.0
217,Closenes Centrality Node 9 = 0.2237762237762238
218,Closenes Centrality Node 15 = 0.5357142857142857
219,Closenes Centrality Node 6 = 0.24
220,Closenes Centrality Node 18 = 0.38672768878718533
221,Closenes Centrality Node 13 = 0.41142857142857137
222,Closenes Centrality Node 12 = 0.17066666666666666
223,Closenes Centrality Node 4 = 0.1568627450980392
224,Closenes Centrality Node 12 = 0.3841269841269841
225,Closenes Centrality Node 13 = 0.08333333333333333
226,Closenes Centrality Node 14 = 0.33137254901960783
227,Closenes Centrality Node 14 = 0.46944444444444444
228,Closenes Centrality Node 5 = 0.0
229,Closenes Centrality Node 14 = 0.17763157894736842
230,Closenes Centrality Node 15 = 0.0
231,Closenes Centrality Node 15 = 0.37037037037037035
232,Closenes Centrality Node 8 = 0.1
233,Closenes Centrality Node 15 = 0.4901960784313726
234,Closenes Centrality Node 8 = 0.22727272727272727
235,Closenes Centrality Node 12 = 0.5538461538461539
236,Closenes Centrality Node 13 = 0.3885057471264368
237,Closenes Centrality Node 7 = 0.06666666666666667
238,Closenes Centrality Node 13 = 0.5416666666666666
239,Closenes Centrality Node 14 = 0.17777777777777778
240,Closenes Centrality Node 11 = 0.25098039215686274
241,Closenes Centrality Node 15 = 0.35294117647058826
242,Closenes Centrality Node 15 = 0.0
243,Closenes Centrality Node 19 = 0.4002770083102493
244,Closenes Centrality Node 10 = 0.2631578947368421
245,Closenes Centrality Node 18 = 0.3789473684210526
246,Closenes Centrality Node 15 = 0.24060150375939848
247,Closenes Centrality Node 9 = 0.23529411764705882
248,Closenes Centrality Node 13 = 0.4642857142857143
249,Closenes Centrality Node 12 = 0.2922705314009662
250,Closenes Centrality Node 8 = 0.11428571428571428
251,Closenes Centrality Node 8 = 0.32653061224489793
252,Closenes Centrality Node 11 = 0.42016806722689076
253,Closenes Centrality Node 8 = 0.0
254,Closenes Centrality Node 15 = 0.5142857142857142
255,Closenes Centrality Node 8 = 0.32653061224489793
256,Closenes Centrality Node 12 = 0.32793522267206476
257,Closenes Centrality Node 18 = 0.0
258,Closenes Centrality Node 15 = 0.362962962962963
259,Closenes Centrality Node 10 = 0.36
260,Closenes Centrality Node 18 = 0.30286738351254483
261,Closenes Centrality Node 16 = 0.44999999999999996
262,Closenes Centrality Node 15 = 0.4355555555555556
263,Closenes Centrality Node 12 = 0.2977941176470588
264,Closenes Centrality Node 9 = 0.21818181818181817
265,Closenes Centrality Node 16 = 0.32894736842105265
266,Closenes Centrality Node 6 = 0.2571428571428571
267,Closenes Centrality Node 12 = 0.29752066115702475
268,Closenes Centrality Node 15 = 0.2636165577342048
269,Closenes Centrality Node 12 = 0.5714285714285714
270,Closenes Centrality Node 9 = 0.0
271,Closenes Centrality Node 10 = 0.0
272,Closenes Centrality Node 15 = 0.46944444444444444
273,Closenes Centrality Node 7 = 0.2857142857142857
274,Closenes Centrality Node 8 = 0.5470085470085471
275,Closenes Centrality Node 8 = 0.2604166666666667
276,Closenes Centrality Node 17 = 0.3787878787878788
277,Closenes Centrality Node 16 = 0.28009259259259256
278,Closenes Centrality Node 16 = 0.0
279,Closenes Centrality Node 4 = 0.5333333333333333
280,Closenes Centrality Node 9 = 0.44545454545454544
281,Closenes Centrality Node 11 = 0.35714285714285715
282,Closenes Centrality Node 11 = 0.2
283,Closenes Centrality Node 11 = 0.15000000000000002
284,Closenes Centrality Node 7 = 0.22499999999999998
285,Closenes Centrality Node 13 = 0.41558441558441556
286,Closenes Centrality Node 12 = 0.0
287,Closenes Centrality Node 23 = 0.38095238095238093
288,Closenes Centrality Node 5 = 0.5952380952380952
289,Closenes Centrality Node 10 = 0.15384615384615385
290,Closenes Centrality Node 6 = 0.0
291,Closenes Centrality Node 15 = 0.13533834586466165
292,Closenes Centrality Node 8 = 0.0
293,Closenes Centrality Node 18 = 0.16040100250626566
294,Closenes Centrality Node 6 = 0.0
295,Closenes Centrality Node 13 = 0.05555555555555555
296,Closenes Centrality Node 10 = 0.2512820512820513
297,Closenes Centrality Node 11 = 0.0
298,Closenes Centrality Node 16 = 0.3472222222222222
299,Closenes Centrality Node 10 = 0.16842105263157894
300,Closenes Centrality Node 14 = 0.28409090909090906
301,Closenes Centrality Node 10 = 0.16666666666666666
302,Closenes Centrality Node 11 = 0.24107142857142855
303,Closenes Centrality Node 18 = 0.37051282051282053
304,Closenes Centrality Node 16 = 0.25960061443932414
305,Closenes Centrality Node 14 = 0.41326530612244905
306,Closenes Centrality Node 7 = 0.043478260869565216
307,Closenes Centrality Node 8 = 0.14222222222222222
308,Closenes Centrality Node 8 = 0.0
309,Closenes Centrality Node 6 = 0.3076923076923077
310,Closenes Centrality Node 7 = 0.0
311,Closenes Centrality Node 13 = 0.19838056680161942
312,Closenes Centrality Node 21 = 0.3208020050125313
313,Closenes Centrality Node 8 = 0.3
314,Closenes Centrality Node 14 = 0.0
315,Closenes Centrality Node 5 = 0.25
316,Closenes Centrality Node 14 = 0.35
317,Closenes Centrality Node 17 = 0.2847058823529412
318,Closenes Centrality Node 15 = 0.3913043478260869
319,Closenes Centrality Node 10 = 0.22883295194508008
320,Closenes Centrality Node 16 = 0.3826530612244898
321,Closenes Centrality Node 10 = 0.3181818181818182
322,Closenes Centrality Node 14 = 0.18
323,Closenes Centrality Node 13 = 0.1978021978021978
324,Closenes Centrality Node 12 = 0.16666666666666666
325,Closenes Centrality Node 21 = 0.0
326,Closenes Centrality Node 10 = 0.21176470588235294
327,Closenes Centrality Node 19 = 0.3141025641025641
328,Closenes Centrality Node 12 = 0.2689075630252101
329,Closenes Centrality Node 13 = 0.21333333333333335
330,Closenes Centrality Node 16 = 0.26666666666666666
331,Closenes Centrality Node 13 = 0.1978021978021978
332,Closenes Centrality Node 7 = 0.0
333,Closenes Centrality Node 17 = 0.1925133689839572
334,Closenes Centrality Node 6 = 0.0
335,Closenes Centrality Node 19 = 0.2608695652173913
336,Closenes Centrality Node 6 = 0.0
337,Closenes Centrality Node 6 = 0.3333333333333333
338,Closenes Centrality Node 8 = 0.08333333333333333
339,Closenes Centrality Node 15 = 0.26021505376344084
340,Closenes Centrality Node 8 = 0.0
341,Closenes Centrality Node 16 = 0.23333333333333334
342,Closenes Centrality Node 19 = 0.30624999999999997
343,Closenes Centrality Node 12 = 0.25396825396825395
344,Closenes Centrality Node 15 = 0.328804347826087
345,Closenes Centrality Node 12 = 0.2512820512820513
346,Closenes Centrality Node 18 = 0.058823529411764705
347,Closenes Centrality Node 11 = 0.3616071428571429
348,Closenes Centrality Node 10 = 0.17582417582417584
349,Closenes Centrality Node 4 = 0.19047619047619047
350,Closenes Centrality Node 12 = 0.20454545454545456
351,Closenes Centrality Node 10 = 0.17857142857142858
352,Closenes Centrality Node 23 = 0.07142857142857142
353,Closenes Centrality Node 14 = 0.0
354,Closenes Centrality Node 18 = 0.26913875598086123
355,Closenes Centrality Node 18 = 0.05797101449275362
356,Closenes Centrality Node 8 = 0.20779220779220778
357,Closenes Centrality Node 9 = 0.50625
358,Closenes Centrality Node 12 = 0.22685185185185186
359,Closenes Centrality Node 19 = 0.253125
360,Closenes Centrality Node 20 = 0.20703933747412007
361,Closenes Centrality Node 16 = 0.5
362,Closenes Centrality Node 11 = 0.2596153846153846
363,Closenes Centrality Node 15 = 0.33137254901960783
364,Closenes Centrality Node 8 = 0.0
365,Closenes Centrality Node 14 = 0.20242914979757085
366,Closenes Centrality Node 9 = 0.75
367,Closenes Centrality Node 11 = 0.32142857142857145
368,Closenes Centrality Node 18 = 0.3307493540051679
369,Closenes Centrality Node 11 = 0.23557692307692307
370,Closenes Centrality Node 10 = 0.25
371,Closenes Centrality Node 27 = 0.19474393530997303
372,Closenes Centrality Node 16 = 0.3428571428571428
373,Closenes Centrality Node 10 = 0.41666666666666663
374,Closenes Centrality Node 14 = 0.24545454545454545
375,Closenes Centrality Node 13 = 0.34615384615384615
376,Closenes Centrality Node 17 = 0.15170278637770895
377,Closenes Centrality Node 9 = 0.09920634920634921
378,Closenes Centrality Node 9 = 0.3516483516483517
379,Closenes Centrality Node 18 = 0.3235294117647059
380,Closenes Centrality Node 17 = 0.5208333333333334
381,Closenes Centrality Node 13 = 0.22807017543859648
382,Closenes Centrality Node 3 = 0.2571428571428571
383,Closenes Centrality Node 12 = 0.0
384,Closenes Centrality Node 12 = 0.0
385,Closenes Centrality Node 11 = 0.22010869565217392
386,Closenes Centrality Node 15 = 0.18315018315018314
387,Closenes Centrality Node 14 = 0.2557544757033248
388,Closenes Centrality Node 10 = 0.16666666666666666
389,Closenes Centrality Node 17 = 0.28027681660899656
390,Closenes Centrality Node 14 = 0.38431372549019605
391,Closenes Centrality Node 6 = 0.0
392,Closenes Centrality Node 14 = 0.11764705882352941
393,Closenes Centrality Node 8 = 0.0
394,Closenes Centrality Node 14 = 0.5909090909090909
395,Closenes Centrality Node 5 = 0.2571428571428571
396,Closenes Centrality Node 20 = 0.0
397,Closenes Centrality Node 11 = 0.25
398,Closenes Centrality Node 17 = 0.09999999999999999
399,Closenes Centrality Node 16 = 0.421505376344086
400,Closenes Centrality Node 9 = 0.4450549450549451
401,Closenes Centrality Node 20 = 0.10714285714285714
402,Closenes Centrality Node 16 = 0.226890756302521
403,Closenes Centrality Node 10 = 0.2571428571428571
404,Closenes Centrality Node 9 = 0.2692307692307692
405,Closenes Centrality Node 16 = 0.06666666666666667
406,Closenes Centrality Node 2 = 0.0
407,Closenes Centrality Node 15 = 0.23703703703703702
408,Closenes Centrality Node 20 = 0.27489481065918653
409,Closenes Centrality Node 9 = 0.47647058823529415
410,Closenes Centrality Node 13 = 0.25098039215686274
411,Closenes Centrality Node 11 = 0.5050505050505051
412,Closenes Centrality Node 12 = 0.0
413,Closenes Centrality Node 15 = 0.32010582010582017
414,Closenes Centrality Node 15 = 0.5555555555555556
415,Closenes Centrality Node 20 = 0.20631578947368423
416,Closenes Centrality Node 12 = 0.40909090909090906
417,Closenes Centrality Node 10 = 0.11538461538461539
418,Closenes Centrality Node 17 = 0.06060606060606061
419,Closenes Centrality Node 19 = 0.40834845735027225
420,Closenes Centrality Node 10 = 0.421875
421,Closenes Centrality Node 17 = 0.1832579185520362
422,Closenes Centrality Node 13 = 0.4
423,Closenes Centrality Node 17 = 0.19230769230769232
424,Closenes Centrality Node 8 = 0.2916666666666667
425,Closenes Centrality Node 13 = 0.29239766081871343
426,Closenes Centrality Node 16 = 0.4563894523326572
427,Closenes Centrality Node 9 = 0.08888888888888888
428,Closenes Centrality Node 12 = 0.19140625
429,Closenes Centrality Node 20 = 0.4402439024390244
430,Closenes Centrality Node 22 = 0.1937799043062201
431,Closenes Centrality Node 5 = 0.1636363636363636
432,Closenes Centrality Node 8 = 0.0
433,Closenes Centrality Node 17 = 0.32051282051282054
434,Closenes Centrality Node 7 = 0.21818181818181817
435,Closenes Centrality Node 6 = 0.16666666666666666
436,Closenes Centrality Node 18 = 0.0
437,Closenes Centrality Node 9 = 0.08888888888888888
438,Closenes Centrality Node 14 = 0.23703703703703702
439,Closenes Centrality Node 17 = 0.3684210526315789
440,Closenes Centrality Node 12 = 0.18115942028985507
441,Closenes Centrality Node 17 = 0.23586744639376217
442,Closenes Centrality Node 5 = 0.0
443,Closenes Centrality Node 15 = 0.3
444,Closenes Centrality Node 13 = 0.3516483516483517
445,Closenes Centrality Node 12 = 0.0
446,Closenes Centrality Node 16 = 0.0
447,Closenes Centrality Node 13 = 0.22499999999999998
448,Closenes Centrality Node 6 = 0.2727272727272727
449,Closenes Centrality Node 10 = 0.20779220779220778
450,Closenes Centrality Node 19 = 0.175
451,Closenes Centrality Node 13 = 0.1736111111111111
452,Closenes Centrality Node 9 = 0.06666666666666667
453,Closenes Centrality Node 17 = 0.26666666666666666
454,Closenes Centrality Node 13 = 0.0784313725490196
455,Closenes Centrality Node 12 = 0.3
456,Closenes Centrality Node 11 = 0.1981424148606811
457,Closenes Centrality Node 16 = 0.2025
458,Closenes Centrality Node 11 = 0.4548872180451128
459,Closenes Centrality Node 12 = 0.2689075630252101
460,Closenes Centrality Node 16 = 0.3223684210526316
461,Closenes Centrality Node 9 = 0.3176470588235294
462,Closenes Centrality Node 25 = 0.0857142857142857
463,Closenes Centrality Node 15 = 0.2664473684210526
464,Closenes Centrality Node 13 = 0.5029761904761905
465,Closenes Centrality Node 15 = 0.2688888888888889
466,Closenes Centrality Node 7 = 0.0
467,Closenes Centrality Node 9 = 0.5785714285714286
468,Closenes Centrality Node 13 = 0.42857142857142855
469,Closenes Centrality Node 18 = 0.5785714285714286
470,Closenes Centrality Node 21 = 0.25148809523809523
471,Closenes Centrality Node 12 = 0.24
472,Closenes Centrality Node 16 = 0.4592391304347826
473,Closenes Centrality Node 14 = 0.4355555555555556
474,Closenes Centrality Node 14 = 0.20416666666666666
475,Closenes Centrality Node 12 = 0.22916666666666666
476,Closenes Centrality Node 16 = 0.16666666666666666
477,Closenes Centrality Node 9 = 0.08888888888888888
478,Closenes Centrality Node 19 = 0.25884732052578363
479,Closenes Centrality Node 9 = 0.3272727272727272
480,Closenes Centrality Node 7 = 0.23376623376623373
481,Closenes Centrality Node 5 = 0.14814814814814814
482,Closenes Centrality Node 8 = 0.0
483,Closenes Centrality Node 7 = 0.0
484,Closenes Centrality Node 6 = 0.1636363636363636
485,Closenes Centrality Node 5 = 0.22499999999999998
486,Closenes Centrality Node 14 = 0.27692307692307694
487,Closenes Centrality Node 11 = 0.1607142857142857
488,Closenes Centrality Node 13 = 0.2664473684210526
489,Closenes Centrality Node 10 = 0.16326530612244897
490,Closenes Centrality Node 17 = 0.047619047619047616
491,Closenes Centrality Node 16 = 0.21684587813620074
492,Closenes Centrality Node 15 = 0.26666666666666666
493,Closenes Centrality Node 17 = 0.4587301587301587
494,Closenes Centrality Node 5 = 0.12121212121212122
495,Closenes Centrality Node 13 = 0.26666666666666666
496,Closenes Centrality Node 13 = 0.5041666666666667
497,Closenes Centrality Node 11 = 0.17647058823529413
498,Closenes Centrality Node 14 = 0.0
499,Closenes Centrality Node 13 = 0.3095975232198142
500,Closenes Centrality Node 18 = 0.36764705882352944
501,Closenes Centrality Node 21 = 0.0
502,Closenes Centrality Node 8 = 0.0
503,Closenes Centrality Node 14 = 0.42857142857142855
504,Closenes Centrality Node 19 = 0.28409090909090906
505,Closenes Centrality Node 16 = 0.32608695652173914
506,Closenes Centrality Node 19 = 0.34404761904761905
507,Closenes Centrality Node 9 = 0.08888888888888888
508,Closenes Centrality Node 16 = 0.0
509,Closenes Centrality Node 10 = 0.22499999999999998
510,Closenes Centrality Node 15 = 0.31640625
511,Closenes Centrality Node 13 = 0.3333333333333333
512,Closenes Centrality Node 13 = 0.1515151515151515
513,Closenes Centrality Node 14 = 0.14204545454545453
514,Closenes Centrality Node 14 = 0.26666666666666666
515,Closenes Centrality Node 11 = 0.3422459893048128
516,Closenes Centrality Node 19 = 0.12587412587412586
517,Closenes Centrality Node 7 = 0.0
518,Closenes Centrality Node 18 = 0.11212814645308924
519,Closenes Centrality Node 14 = 0.0
520,Closenes Centrality Node 18 = 0.11145510835913312
521,Closenes Centrality Node 10 = 0.20833333333333334
522,Closenes Centrality Node 15 = 0.37006578947368424
523,Closenes Centrality Node 13 = 0.0
524,Closenes Centrality Node 7 = 0.875
525,Closenes Centrality Node 20 = 0.14693877551020407
526,Closenes Centrality Node 10 = 0.0
527,Closenes Centrality Node 18 = 0.0
528,Closenes Centrality Node 12 = 0.34965034965034963
529,Closenes Centrality Node 9 = 0.0
530,Closenes Centrality Node 11 = 0.0
531,Closenes Centrality Node 11 = 0.5041666666666667
532,Closenes Centrality Node 13 = 0.1388888888888889
533,Closenes Centrality Node 12 = 0.09523809523809523
534,Closenes Centrality Node 10 = 0.34602076124567477
535,Closenes Centrality Node 16 = 0.0
536,Closenes Centrality Node 5 = 0.2222222222222222
537,Closenes Centrality Node 17 = 0.0
538,Closenes Centrality Node 9 = 0.27222222222222225
539,Closenes Centrality Node 20 = 0.39054054054054055
540,Closenes Centrality Node 12 = 0.36828644501278773
541,Closenes Centrality Node 18 = 0.36124999999999996
542,Closenes Centrality Node 2 = 0.0
543,Closenes Centrality Node 9 = 0.14583333333333331
544,Closenes Centrality Node 22 = 0.1675213675213675
545,Closenes Centrality Node 15 = 0.2962962962962963
546,Closenes Centrality Node 26 = 0.35695006747638325
547,Closenes Centrality Node 24 = 0.4329159212880143
548,Closenes Centrality Node 5 = 0.19999999999999998
549,Closenes Centrality Node 21 = 0.37278657968313145
550,Closenes Centrality Node 9 = 0.3894230769230769
551,Closenes Centrality Node 2 = 0.0
552,Closenes Centrality Node 6 = 0.14814814814814814
553,Closenes Centrality Node 19 = 0.34838709677419355
554,Closenes Centrality Node 1 = 0.0
555,Closenes Centrality Node 13 = 0.41142857142857137
556,Closenes Centrality Node 16 = 0.25148809523809523
557,Closenes Centrality Node 17 = 0.38095238095238093
558,Closenes Centrality Node 17 = 0.2828282828282828
559,Closenes Centrality Node 16 = 0.4411764705882353
560,Closenes Centrality Node 15 = 0.2768878718535469
561,Closenes Centrality Node 20 = 0.23472222222222222
562,Closenes Centrality Node 18 = 0.3557168784029038
563,Closenes Centrality Node 18 = 0.29493087557603687
564,Closenes Centrality Node 6 = 0.40909090909090906
565,Closenes Centrality Node 16 = 0.0
566,Closenes Centrality Node 7 = 0.20779220779220778
567,Closenes Centrality Node 11 = 0.275
568,Closenes Centrality Node 14 = 0.20242914979757085
569,Closenes Centrality Node 17 = 0.07017543859649122
570,Closenes Centrality Node 13 = 0.3333333333333333
571,Closenes Centrality Node 19 = 0.24060150375939848
572,Closenes Centrality Node 20 = 0.0
573,Closenes Centrality Node 12 = 0.48
574,Closenes Centrality Node 8 = 0.2620320855614973
575,Closenes Centrality Node 53 = 0.23725490196078433
576,Closenes Centrality Node 11 = 0.13227513227513227
577,Closenes Centrality Node 6 = 0.17582417582417584
578,Closenes Centrality Node 22 = 0.23046251993620412
579,Closenes Centrality Node 6 = 1.0
580,Closenes Centrality Node 8 = 0.09523809523809523
581,Closenes Centrality Node 12 = 0.07142857142857142
582,Closenes Centrality Node 17 = 0.4515625
583,Closenes Centrality Node 18 = 0.37345679012345684
584,Closenes Centrality Node 11 = 0.07692307692307693
585,Closenes Centrality Node 15 = 0.2517482517482517
586,Closenes Centrality Node 22 = 0.41023255813953485
587,Closenes Centrality Node 17 = 0.40834845735027225
588,Closenes Centrality Node 15 = 0.13440860215053763
589,Closenes Centrality Node 12 = 0.25396825396825395
590,Closenes Centrality Node 13 = 0.13445378151260504
591,Closenes Centrality Node 28 = 0.5785714285714285
592,Closenes Centrality Node 6 = 0.5
593,Closenes Centrality Node 2 = 0.0
594,Closenes Centrality Node 24 = 0.38844086021505375
595,Closenes Centrality Node 9 = 0.0
596,Closenes Centrality Node 13 = 0.0
597,Closenes Centrality Node 15 = 0.40322580645161293
598,Closenes Centrality Node 17 = 0.37692307692307686
599,Closenes Centrality Node 16 = 0.0
600,Closenes Centrality Node 16 = 0.307797537619699
601,Closenes Centrality Node 31 = 0.35208333333333336
602,Closenes Centrality Node 4 = 0.07142857142857142
603,Closenes Centrality Node 20 = 0.0
604,Closenes Centrality Node 10 = 0.0
605,Closenes Centrality Node 18 = 0.4269449715370019
606,Closenes Centrality Node 20 = 0.0
607,Closenes Centrality Node 13 = 0.32051282051282054
608,Closenes Centrality Node 18 = 0.0
609,Closenes Centrality Node 24 = 0.2520833333333333
610,Closenes Centrality Node 8 = 0.1488095238095238
611,Closenes Centrality Node 13 = 0.0
612,Closenes Centrality Node 12 = 0.3402777777777778
613,Closenes Centrality Node 14 = 0.0
614,Closenes Centrality Node 10 = 0.1736111111111111
615,Closenes Centrality Node 23 = 0.0
616,Closenes Centrality Node 18 = 0.46612903225806446
617,Closenes Centrality Node 5 = 0.0
618,Closenes Centrality Node 7 = 0.09375
619,Closenes Centrality Node 20 = 0.14835164835164835
620,Closenes Centrality Node 14 = 0.23902439024390243
621,Closenes Centrality Node 2 = 0.0
622,Closenes Centrality Node 15 = 0.0
623,Closenes Centrality Node 15 = 0.34449760765550236
624,Closenes Centrality Node 12 = 0.1875
625,Closenes Centrality Node 13 = 0.15126050420168066
626,Closenes Centrality Node 14 = 0.1984126984126984
627,Closenes Centrality Node 13 = 0.23529411764705882
628,Closenes Centrality Node 12 = 0.32010582010582006
629,Closenes Centrality Node 21 = 0.0
630,Closenes Centrality Node 12 = 0.23529411764705885
631,Closenes Centrality Node 27 = 0.28912783751493426
632,Closenes Centrality Node 18 = 0.462962962962963
633,Closenes Centrality Node 16 = 0.5208333333333334
634,Closenes Centrality Node 26 = 0.0
635,Closenes Centrality Node 8 = 0.13333333333333333
636,Closenes Centrality Node 23 = 0.3648648648648649
637,Closenes Centrality Node 17 = 0.0
638,Closenes Centrality Node 6 = 0.15384615384615385
639,Closenes Centrality Node 11 = 0.27705627705627706
640,Closenes Centrality Node 10 = 0.0
641,Closenes Centrality Node 12 = 0.3681818181818182
642,Closenes Centrality Node 14 = 0.5377777777777777
643,Closenes Centrality Node 6 = 0.462962962962963
644,Closenes Centrality Node 15 = 0.4023809523809524
645,Closenes Centrality Node 15 = 0.4023809523809524
646,Closenes Centrality Node 11 = 0.5475113122171946
647,Closenes Centrality Node 11 = 0.2620320855614973
648,Closenes Centrality Node 22 = 0.2522167487684729
649,Closenes Centrality Node 18 = 0.48
650,Closenes Centrality Node 6 = 0.0
651,Closenes Centrality Node 12 = 0.24200000000000002
652,Closenes Centrality Node 13 = 0.2400793650793651
653,Closenes Centrality Node 6 = 0.8571428571428571
654,Closenes Centrality Node 25 = 0.19484702093397746
655,Closenes Centrality Node 13 = 0.19471153846153846
656,Closenes Centrality Node 24 = 0.36627906976744184
657,Closenes Centrality Node 11 = 0.1111111111111111
658,Closenes Centrality Node 10 = 0.0
659,Closenes Centrality Node 18 = 0.2344497607655502
660,Closenes Centrality Node 9 = 0.20454545454545453
661,Closenes Centrality Node 3 = 0.25
662,Closenes Centrality Node 4 = 0.4444444444444444
663,Closenes Centrality Node 25 = 0.3203559510567297
664,Closenes Centrality Node 12 = 0.32679738562091504
665,Closenes Centrality Node 3 = 0.0
666,Closenes Centrality Node 20 = 0.3906926406926407
667,Closenes Centrality Node 11 = 0.27700831024930744
668,Closenes Centrality Node 13 = 0.1616161616161616
669,Closenes Centrality Node 9 = 0.06666666666666667
670,Closenes Centrality Node 6 = 0.17777777777777776
671,Closenes Centrality Node 8 = 0.2722222222222222
672,Closenes Centrality Node 1 = 0.0
673,Closenes Centrality Node 5 = 0.0
674,Closenes Centrality Node 13 = 0.23076923076923078
675,Closenes Centrality Node 10 = 0.41025641025641024
676,Closenes Centrality Node 13 = 0.3401360544217687
677,Closenes Centrality Node 11 = 0.19841269841269843
678,Closenes Centrality Node 13 = 0.14327485380116958
679,Closenes Centrality Node 16 = 0.32000000000000006
680,Closenes Centrality Node 8 = 0.36
681,Closenes Centrality Node 13 = 0.4082125603864734
682,Closenes Centrality Node 6 = 0.15
683,Closenes Centrality Node 6 = 0.390625
684,Closenes Centrality Node 3 = 0.22499999999999998
685,Closenes Centrality Node 8 = 0.2962962962962963
686,Closenes Centrality Node 12 = 0.29411764705882354
687,Closenes Centrality Node 16 = 0.045454545454545456
688,Closenes Centrality Node 13 = 0.46944444444444444
689,Closenes Centrality Node 13 = 0.12121212121212122
690,Closenes Centrality Node 19 = 0.1588235294117647
691,Closenes Centrality Node 13 = 0.2571428571428571
692,Closenes Centrality Node 7 = 0.0
693,Closenes Centrality Node 10 = 0.23333333333333334
694,Closenes Centrality Node 10 = 0.12307692307692308
695,Closenes Centrality Node 6 = 0.09090909090909091
696,Closenes Centrality Node 19 = 0.16689655172413792
697,Closenes Centrality Node 5 = 0.14285714285714285
698,Closenes Centrality Node 17 = 0.19215686274509802
699,Closenes Centrality Node 12 = 0.2777777777777778
700,Closenes Centrality Node 11 = 0.41538461538461535
701,Closenes Centrality Node 10 = 0.16040100250626566
702,Closenes Centrality Node 10 = 0.3076923076923077
703,Closenes Centrality Node 11 = 0.2506265664160401
704,Closenes Centrality Node 9 = 0.23529411764705882
705,Closenes Centrality Node 4 = 0.28125
706,Closenes Centrality Node 10 = 0.4132231404958677
707,Closenes Centrality Node 19 = 0.19047619047619047
708,Closenes Centrality Node 25 = 0.5517241379310346
709,Closenes Centrality Node 16 = 0.5408653846153846
710,Closenes Centrality Node 5 = 0.36
711,Closenes Centrality Node 26 = 0.3639112903225806
712,Closenes Centrality Node 22 = 0.47647058823529415
713,Closenes Centrality Node 19 = 0.0
714,Closenes Centrality Node 23 = 0.18115942028985507
715,Closenes Centrality Node 13 = 0.43214285714285716
716,Closenes Centrality Node 10 = 0.1724137931034483
717,Closenes Centrality Node 5 = 0.0
718,Closenes Centrality Node 12 = 0.3157894736842105
719,Closenes Centrality Node 5 = 0.0
720,Closenes Centrality Node 22 = 0.15312499999999998
721,Closenes Centrality Node 21 = 0.3471153846153846
722,Closenes Centrality Node 21 = 0.16741071428571427
723,Closenes Centrality Node 10 = 0.21052631578947367
724,Closenes Centrality Node 15 = 0.45187165775401067
725,Closenes Centrality Node 14 = 0.44720496894409933
726,Closenes Centrality Node 12 = 0.3508771929824561
727,Closenes Centrality Node 10 = 0.13846153846153847
728,Closenes Centrality Node 3 = 0.0
729,Closenes Centrality Node 23 = 0.31609756097560976
730,Closenes Centrality Node 14 = 0.5929824561403509
731,Closenes Centrality Node 8 = 0.0
732,Closenes Centrality Node 8 = 0.0
733,Closenes Centrality Node 18 = 0.4734299516908213
734,Closenes Centrality Node 25 = 0.4556416881998277
735,Closenes Centrality Node 19 = 0.3155680224403927
736,Closenes Centrality Node 13 = 0.3116883116883116
737,Closenes Centrality Node 23 = 0.4188034188034188
738,Closenes Centrality Node 26 = 0.135
739,Closenes Centrality Node 15 = 0.26666666666666666
740,Closenes Centrality Node 17 = 0.23529411764705885
741,Closenes Centrality Node 8 = 0.1801470588235294
742,Closenes Centrality Node 7 = 0.24242424242424243
743,Closenes Centrality Node 17 = 0.15238095238095237
744,Closenes Centrality Node 9 = 0.27222222222222225
745,Closenes Centrality Node 7 = 0.0
746,Closenes Centrality Node 12 = 0.6923076923076923
747,Closenes Centrality Node 17 = 0.5192697768762677
748,Closenes Centrality Node 6 = 0.0
749,Closenes Centrality Node 8 = 0.0
750,Closenes Centrality Node 11 = 0.35380116959064334
751,Closenes Centrality Node 13 = 0.2591093117408907
752,Closenes Centrality Node 17 = 0.26455026455026454
753,Closenes Centrality Node 10 = 0.21929824561403508
754,Closenes Centrality Node 11 = 0.3389355742296919
755,Closenes Centrality Node 20 = 0.32
756,Closenes Centrality Node 13 = 0.303030303030303
757,Closenes Centrality Node 14 = 0.35294117647058826
758,Closenes Centrality Node 15 = 0.05555555555555555
759,Closenes Centrality Node 5 = 0.14814814814814814
760,Closenes Centrality Node 25 = 0.3141025641025641
761,Closenes Centrality Node 17 = 0.39999999999999997
762,Closenes Centrality Node 25 = 0.3633241758241758
763,Closenes Centrality Node 13 = 0.2620320855614973
764,Closenes Centrality Node 12 = 0.32010582010582017
765,Closenes Centrality Node 2 = 0.0
766,Closenes Centrality Node 9 = 0.0
767,Closenes Centrality Node 11 = 0.27700831024930744
768,Closenes Centrality Node 6 = 0.12121212121212122
769,Closenes Centrality Node 29 = 0.4915360501567398
770,Closenes Centrality Node 28 = 0.3894523326572008
771,Closenes Centrality Node 13 = 0.5413533834586466
772,Closenes Centrality Node 16 = 0.2764127764127764
773,Closenes Centrality Node 5 = 0.0
774,Closenes Centrality Node 9 = 0.23703703703703702
775,Closenes Centrality Node 14 = 0.5714285714285714
776,Closenes Centrality Node 15 = 0.448512585812357
777,Closenes Centrality Node 9 = 0.27705627705627706
778,Closenes Centrality Node 8 = 0.2094017094017094
779,Closenes Centrality Node 4 = 0.17582417582417584
780,Closenes Centrality Node 14 = 0.0992063492063492
781,Closenes Centrality Node 7 = 0.16233766233766234
782,Closenes Centrality Node 20 = 0.23225806451612901
783,Closenes Centrality Node 23 = 0.3011764705882353
784,Closenes Centrality Node 15 = 0.06060606060606061
785,Closenes Centrality Node 18 = 0.4537037037037037
786,Closenes Centrality Node 5 = 0.0
787,Closenes Centrality Node 5 = 0.6944444444444445
788,Closenes Centrality Node 32 = 0.416017316017316
789,Closenes Centrality Node 19 = 0.06349206349206349
790,Closenes Centrality Node 15 = 0.21228070175438596
791,Closenes Centrality Node 21 = 0.43859649122807015
792,Closenes Centrality Node 16 = 0.1736111111111111
793,Closenes Centrality Node 19 = 0.5372023809523809
794,Closenes Centrality Node 18 = 0.20300751879699247
795,Closenes Centrality Node 11 = 0.37812500000000004
796,Closenes Centrality Node 6 = 0.5454545454545454
797,Closenes Centrality Node 30 = 0.48635235732009924
798,Closenes Centrality Node 9 = 0.4475524475524476
799,Closenes Centrality Node 21 = 0.3760416666666666
800,Closenes Centrality Node 13 = 0.23809523809523808
801,Closenes Centrality Node 6 = 0.0
802,Closenes Centrality Node 11 = 0.26455026455026454
803,Closenes Centrality Node 11 = 0.0
804,Closenes Centrality Node 14 = 0.40329218106995884
805,Closenes Centrality Node 15 = 0.5172413793103449
806,Closenes Centrality Node 4 = 0.20512820512820512
807,Closenes Centrality Node 5 = 0.35714285714285715
808,Closenes Centrality Node 29 = 0.2929782082324455
809,Closenes Centrality Node 12 = 0.44322344322344326
