,Cosines
0,Cosine Similarity Kalimat 14 : 15= 0.16410082965612127
1,Cosine Similarity Kalimat 15 : 16= 0.12352874835085638
2,Cosine Similarity Kalimat 6 : 8= 0.26499211825790286
3,Cosine Similarity Kalimat 24 : 25= 0.2838582438538861
4,Cosine Similarity Kalimat 11 : 13= 0.15444481732440343
5,Cosine Similarity Kalimat 15 : 16= 0.11643523969560923
6,Cosine Similarity Kalimat 13 : 16= 0.08379415496443296
7,Cosine Similarity Kalimat 13 : 14= 0.1988527707723687
8,Cosine Similarity Kalimat 13 : 14= 0.15981010319498165
9,Cosine Similarity Kalimat 12 : 13= 0.16902329988808748
10,Cosine Similarity Kalimat 17 : 19= 0.12330223187494932
11,Cosine Similarity Kalimat 16 : 17= 0.08641969502123836
12,Cosine Similarity Kalimat 13 : 14= 0.13050809292561288
13,Cosine Similarity Kalimat 16 : 17= 0.15531401518165106
14,Cosine Similarity Kalimat 20 : 21= 0.23317215450825812
15,Cosine Similarity Kalimat 16 : 17= 0.17043479078929002
16,Cosine Similarity Kalimat 15 : 16= 0.13137095397209084
17,Cosine Similarity Kalimat 11 : 12= 0.19890667420374114
18,Cosine Similarity Kalimat 14 : 16= 0.18250388192991338
19,Cosine Similarity Kalimat 16 : 17= 0.10045139962446772
20,Cosine Similarity Kalimat 14 : 15= 0.1492362737534963
21,Cosine Similarity Kalimat 18 : 19= 0.19296311666413263
22,Cosine Similarity Kalimat 15 : 16= 0.2300333357049614
23,Cosine Similarity Kalimat 20 : 22= 0.08864451427435385
24,Cosine Similarity Kalimat 20 : 21= 0.2994912839639234
25,Cosine Similarity Kalimat 19 : 20= 0.09735062197095858
26,Cosine Similarity Kalimat 18 : 19= 0.1959305722179868
27,Cosine Similarity Kalimat 16 : 17= 0.11525640289968082
28,Cosine Similarity Kalimat 13 : 14= 0.10454475981415186
29,Cosine Similarity Kalimat 15 : 16= 0.14980514103709477
30,Cosine Similarity Kalimat 15 : 19= 0.12086999143036001
31,Cosine Similarity Kalimat 11 : 12= 0.12665304636588118
32,Cosine Similarity Kalimat 17 : 18= 0.100671935537313
33,Cosine Similarity Kalimat 14 : 15= 0.15916334731357767
34,Cosine Similarity Kalimat 17 : 18= 0.12323151040712416
35,Cosine Similarity Kalimat 12 : 14= 0.08375575522521247
36,Cosine Similarity Kalimat 9 : 11= 0.1808279805929623
37,Cosine Similarity Kalimat 14 : 15= 0.1418115195707762
38,Cosine Similarity Kalimat 13 : 14= 0.15467003885661723
39,Cosine Similarity Kalimat 12 : 13= 0.1035382483546616
40,Cosine Similarity Kalimat 14 : 15= 0.14111227904641438
41,Cosine Similarity Kalimat 21 : 22= 0.08824137520776446
42,Cosine Similarity Kalimat 15 : 16= 0.09094774313639933
43,Cosine Similarity Kalimat 12 : 13= 0.21319533043003
44,Cosine Similarity Kalimat 17 : 18= 0.18002908078769064
45,Cosine Similarity Kalimat 12 : 13= 0.1722069504707438
46,Cosine Similarity Kalimat 16 : 17= 0.1725892466502249
47,Cosine Similarity Kalimat 13 : 14= 0.09593671934496305
48,Cosine Similarity Kalimat 20 : 21= 0.09161467711581939
49,Cosine Similarity Kalimat 14 : 15= 0.1294751552224721
50,Cosine Similarity Kalimat 12 : 13= 0.10279960110498221
51,Cosine Similarity Kalimat 22 : 23= 0.2519416375372586
52,Cosine Similarity Kalimat 16 : 17= 0.1771000806785488
53,Cosine Similarity Kalimat 15 : 16= 0.3239549769587386
54,Cosine Similarity Kalimat 17 : 18= 0.41007934074408525
55,Cosine Similarity Kalimat 13 : 14= 0.21988099501222294
56,Cosine Similarity Kalimat 22 : 23= 0.2494398362048031
57,Cosine Similarity Kalimat 17 : 18= 0.23164478831261018
58,Cosine Similarity Kalimat 31 : 32= 0.08801803356152149
59,Cosine Similarity Kalimat 13 : 14= 0.08350291271923377
60,Cosine Similarity Kalimat 20 : 21= 0.15361554474890446
61,Cosine Similarity Kalimat 13 : 14= 0.24764883536849924
62,Cosine Similarity Kalimat 17 : 19= 0.09523580234265863
63,Cosine Similarity Kalimat 24 : 25= 0.1508893524929484
64,Cosine Similarity Kalimat 16 : 17= 0.34379124168524233
65,Cosine Similarity Kalimat 12 : 13= 0.1660347421209429
66,Cosine Similarity Kalimat 12 : 13= 0.0994374983553709
67,Cosine Similarity Kalimat 18 : 19= 0.08415606890266464
68,Cosine Similarity Kalimat 15 : 16= 0.10011999767067545
69,Cosine Similarity Kalimat 18 : 20= 0.126917438271961
70,Cosine Similarity Kalimat 10 : 11= 0.09603440367771958
71,Cosine Similarity Kalimat 16 : 17= 0.14016324357453255
72,Cosine Similarity Kalimat 13 : 15= 0.17866128625475258
73,Cosine Similarity Kalimat 12 : 15= 0.10607596427033941
74,Cosine Similarity Kalimat 15 : 17= 0.15944234687928102
75,Cosine Similarity Kalimat 16 : 18= 0.09448537114742939
76,Cosine Similarity Kalimat 17 : 19= 0.20429560247903805
77,Cosine Similarity Kalimat 14 : 15= 0.2400469275275583
78,Cosine Similarity Kalimat 13 : 15= 0.22338192336462787
79,Cosine Similarity Kalimat 15 : 16= 0.1120374341898571
80,Cosine Similarity Kalimat 17 : 18= 0.14041982934817793
81,Cosine Similarity Kalimat 15 : 17= 0.1278735628343803
82,Cosine Similarity Kalimat 11 : 13= 0.16117938102929782
83,Cosine Similarity Kalimat 14 : 15= 0.09216566429394478
84,Cosine Similarity Kalimat 15 : 16= 0.21913222393049345
85,Cosine Similarity Kalimat 20 : 21= 0.1860325147714347
86,Cosine Similarity Kalimat 9 : 10= 0.1477698480637018
87,Cosine Similarity Kalimat 16 : 19= 0.11935310360716408
88,Cosine Similarity Kalimat 13 : 14= 0.09124659956980669
89,Cosine Similarity Kalimat 17 : 18= 0.16242912911140991
90,Cosine Similarity Kalimat 13 : 15= 0.09758114428339648
91,Cosine Similarity Kalimat 13 : 14= 0.19934406893664805
92,Cosine Similarity Kalimat 16 : 17= 0.12421181342000367
93,Cosine Similarity Kalimat 13 : 15= 0.10363119727974002
94,Cosine Similarity Kalimat 15 : 16= 0.20650850182881492
95,Cosine Similarity Kalimat 15 : 16= 0.1223496815632576
96,Cosine Similarity Kalimat 14 : 15= 0.1287267185663096
97,Cosine Similarity Kalimat 13 : 14= 0.10490698483773406
98,Cosine Similarity Kalimat 18 : 19= 0.20090324650478156
99,Cosine Similarity Kalimat 13 : 14= 0.13552998822588536
100,Cosine Similarity Kalimat 14 : 16= 0.1620608108601051
101,Cosine Similarity Kalimat 17 : 18= 0.2550817622736844
102,Cosine Similarity Kalimat 12 : 14= 0.0895099019461005
103,Cosine Similarity Kalimat 13 : 14= 0.15992874174368632
104,Cosine Similarity Kalimat 14 : 16= 0.10717105410992468
105,Cosine Similarity Kalimat 14 : 15= 0.26041393660180673
106,Cosine Similarity Kalimat 15 : 16= 0.13448249193189055
107,Cosine Similarity Kalimat 10 : 11= 0.08016528103251015
108,Cosine Similarity Kalimat 12 : 13= 0.25236515848127533
109,Cosine Similarity Kalimat 12 : 13= 0.19997697789454558
110,Cosine Similarity Kalimat 13 : 16= 0.1411686355610485
111,Cosine Similarity Kalimat 10 : 11= 0.19495058097508644
112,Cosine Similarity Kalimat 15 : 17= 0.0964300441362746
113,Cosine Similarity Kalimat 9 : 10= 0.14105334663803842
114,Cosine Similarity Kalimat 12 : 13= 0.10762134608655562
115,Cosine Similarity Kalimat 16 : 17= 0.08495370919156826
116,Cosine Similarity Kalimat 15 : 16= 0.089911888711223
117,Cosine Similarity Kalimat 10 : 11= 0.2511339331654456
118,Cosine Similarity Kalimat 16 : 18= 0.14575123064095746
119,Cosine Similarity Kalimat 18 : 19= 0.31284866414840923
120,Cosine Similarity Kalimat 13 : 14= 0.24124035917293468
121,Cosine Similarity Kalimat 15 : 16= 0.24155721921764722
122,Cosine Similarity Kalimat 14 : 15= 0.2635124505335599
123,Cosine Similarity Kalimat 12 : 14= 0.17502072445172465
124,Cosine Similarity Kalimat 13 : 15= 0.39542170591230097
125,Cosine Similarity Kalimat 13 : 15= 0.12159567517691236
126,Cosine Similarity Kalimat 16 : 17= 0.2603212565735801
127,Cosine Similarity Kalimat 21 : 22= 0.2424409712736775
128,Cosine Similarity Kalimat 17 : 19= 0.15277595037271569
129,Cosine Similarity Kalimat 15 : 16= 0.5212157007905105
130,Cosine Similarity Kalimat 14 : 15= 0.1802229738026625
131,Cosine Similarity Kalimat 12 : 13= 0.1938552296759739
132,Cosine Similarity Kalimat 12 : 13= 0.24475294792309005
133,Cosine Similarity Kalimat 15 : 16= 0.3553301215298561
134,Cosine Similarity Kalimat 15 : 16= 0.10998718464367775
135,Cosine Similarity Kalimat 14 : 15= 0.27816991950694014
136,Cosine Similarity Kalimat 16 : 18= 0.15216620740359868
137,Cosine Similarity Kalimat 12 : 13= 0.23180583521985118
138,Cosine Similarity Kalimat 12 : 13= 0.2260438175806929
139,Cosine Similarity Kalimat 20 : 21= 0.10376435746808205
140,Cosine Similarity Kalimat 13 : 14= 0.10794279634658654
141,Cosine Similarity Kalimat 20 : 21= 0.09604263752013875
142,Cosine Similarity Kalimat 14 : 15= 0.31128799379609107
143,Cosine Similarity Kalimat 13 : 14= 0.18584014654529907
144,Cosine Similarity Kalimat 10 : 12= 0.10088223140341405
145,Cosine Similarity Kalimat 12 : 16= 0.10757439468514832
146,Cosine Similarity Kalimat 12 : 13= 0.10010969410274045
147,Cosine Similarity Kalimat 13 : 16= 0.23276307988647102
148,Cosine Similarity Kalimat 16 : 17= 0.2009358065976933
149,Cosine Similarity Kalimat 12 : 13= 0.18540534268769437
150,Cosine Similarity Kalimat 15 : 16= 0.08839864999317243
151,Cosine Similarity Kalimat 13 : 15= 0.10363476135750083
152,Cosine Similarity Kalimat 16 : 17= 0.2232332310662754
153,Cosine Similarity Kalimat 18 : 19= 0.1898539996149874
154,Cosine Similarity Kalimat 12 : 13= 0.09901751016577987
155,Cosine Similarity Kalimat 15 : 16= 0.29139619339611267
156,Cosine Similarity Kalimat 15 : 16= 0.12267418144269915
157,Cosine Similarity Kalimat 17 : 18= 0.1044618691333649
158,Cosine Similarity Kalimat 13 : 14= 0.17658336745216083
159,Cosine Similarity Kalimat 19 : 22= 0.14162050041960478
160,Cosine Similarity Kalimat 13 : 14= 0.14782368179992814
161,Cosine Similarity Kalimat 12 : 14= 0.22451972423365907
162,Cosine Similarity Kalimat 17 : 18= 0.11183594092768155
163,Cosine Similarity Kalimat 13 : 15= 0.15593728436774038
164,Cosine Similarity Kalimat 17 : 18= 0.13169129650621297
165,Cosine Similarity Kalimat 12 : 15= 0.21180708628342987
166,Cosine Similarity Kalimat 15 : 17= 0.13390663132586028
167,Cosine Similarity Kalimat 11 : 14= 0.17278779671708983
168,Cosine Similarity Kalimat 13 : 14= 0.14172937461430649
169,Cosine Similarity Kalimat 9 : 11= 0.10614494481305269
170,Cosine Similarity Kalimat 14 : 15= 0.09894346692530806
171,Cosine Similarity Kalimat 13 : 14= 0.11962416811062745
172,Cosine Similarity Kalimat 15 : 16= 0.08257042604907897
173,Cosine Similarity Kalimat 14 : 17= 0.19443836963351846
174,Cosine Similarity Kalimat 16 : 17= 0.186676933024256
175,Cosine Similarity Kalimat 12 : 13= 0.26530381817508736
176,Cosine Similarity Kalimat 18 : 20= 0.11748060076039706
177,Cosine Similarity Kalimat 17 : 19= 0.12187079602105863
178,Cosine Similarity Kalimat 20 : 21= 0.2479332741998837
179,Cosine Similarity Kalimat 16 : 17= 0.16199728606845631
180,Cosine Similarity Kalimat 13 : 15= 0.1342608859490127
181,Cosine Similarity Kalimat 15 : 16= 0.08580989692571798
182,Cosine Similarity Kalimat 16 : 17= 0.11785739478412353
183,Cosine Similarity Kalimat 12 : 14= 0.1269514612244371
184,Cosine Similarity Kalimat 14 : 16= 0.13879718872731894
185,Cosine Similarity Kalimat 13 : 15= 0.10149619908413843
186,Cosine Similarity Kalimat 9 : 11= 0.14216374779908358
187,Cosine Similarity Kalimat 14 : 15= 0.11379266909717037
188,Cosine Similarity Kalimat 15 : 16= 0.282072422168361
189,Cosine Similarity Kalimat 13 : 15= 0.0829959159275605
190,Cosine Similarity Kalimat 13 : 14= 0.14243631281851457
191,Cosine Similarity Kalimat 14 : 15= 0.3006501105082212
192,Cosine Similarity Kalimat 14 : 16= 0.12670824754519183
193,Cosine Similarity Kalimat 13 : 14= 0.13534159338811425
194,Cosine Similarity Kalimat 16 : 17= 0.24227938408949046
195,Cosine Similarity Kalimat 15 : 17= 0.1155596430802876
196,Cosine Similarity Kalimat 14 : 16= 0.14053302007979065
197,Cosine Similarity Kalimat 11 : 14= 0.08537161085285358
198,Cosine Similarity Kalimat 13 : 14= 0.1938454001389646
199,Cosine Similarity Kalimat 17 : 18= 0.1492067957614537
200,Cosine Similarity Kalimat 8 : 13= 0.17198088196259623
201,Cosine Similarity Kalimat 18 : 19= 0.2005422033974359
202,Cosine Similarity Kalimat 14 : 15= 0.12984826457400203
203,Cosine Similarity Kalimat 16 : 17= 0.09090118112723125
204,Cosine Similarity Kalimat 14 : 15= 0.18837253181848884
205,Cosine Similarity Kalimat 16 : 17= 0.09991830743070329
206,Cosine Similarity Kalimat 12 : 15= 0.12440005383916146
207,Cosine Similarity Kalimat 10 : 12= 0.13692525581508244
208,Cosine Similarity Kalimat 15 : 16= 0.12988436670102246
209,Cosine Similarity Kalimat 15 : 18= 0.16055561520503714
210,Cosine Similarity Kalimat 16 : 17= 0.15482421105344035
211,Cosine Similarity Kalimat 17 : 19= 0.08450919618379005
212,Cosine Similarity Kalimat 17 : 18= 0.11601562247517276
213,Cosine Similarity Kalimat 11 : 12= 0.12004281415512469
214,Cosine Similarity Kalimat 13 : 14= 0.149820357380766
215,Cosine Similarity Kalimat 14 : 15= 0.22905494065971088
216,Cosine Similarity Kalimat 15 : 16= 0.10352075509168655
217,Cosine Similarity Kalimat 13 : 14= 0.08954390140130347
218,Cosine Similarity Kalimat 14 : 15= 0.21688131793817125
219,Cosine Similarity Kalimat 14 : 15= 0.25851907116124506
220,Cosine Similarity Kalimat 16 : 17= 0.15181389515454072
221,Cosine Similarity Kalimat 12 : 13= 0.31071347094533885
222,Cosine Similarity Kalimat 14 : 15= 0.14090017433910923
223,Cosine Similarity Kalimat 15 : 16= 0.11268678071812117
224,Cosine Similarity Kalimat 14 : 15= 0.10847635166918047
225,Cosine Similarity Kalimat 14 : 16= 0.15405315483193488
226,Cosine Similarity Kalimat 16 : 17= 0.08493383024179348
227,Cosine Similarity Kalimat 14 : 15= 0.12694427801545793
228,Cosine Similarity Kalimat 15 : 16= 0.22995247966816207
229,Cosine Similarity Kalimat 16 : 17= 0.15630643500025126
230,Cosine Similarity Kalimat 15 : 17= 0.15610566230107434
231,Cosine Similarity Kalimat 13 : 15= 0.11519880399062242
232,Cosine Similarity Kalimat 13 : 15= 0.13344907495101296
233,Cosine Similarity Kalimat 15 : 16= 0.178552078692015
234,Cosine Similarity Kalimat 10 : 11= 0.16756406159249138
235,Cosine Similarity Kalimat 12 : 13= 0.15848298342302852
236,Cosine Similarity Kalimat 13 : 14= 0.09165825295689671
237,Cosine Similarity Kalimat 13 : 14= 0.21283521371370087
238,Cosine Similarity Kalimat 12 : 13= 0.1289899563356969
239,Cosine Similarity Kalimat 16 : 17= 0.10279172416411675
240,Cosine Similarity Kalimat 12 : 13= 0.12174751382071
241,Cosine Similarity Kalimat 16 : 17= 0.1571801507539163
242,Cosine Similarity Kalimat 16 : 17= 0.2725894409269236
243,Cosine Similarity Kalimat 16 : 19= 0.11589601937462249
244,Cosine Similarity Kalimat 19 : 20= 0.20372186377705276
245,Cosine Similarity Kalimat 16 : 17= 0.18884076380240625
246,Cosine Similarity Kalimat 18 : 19= 0.10021810640853077
247,Cosine Similarity Kalimat 15 : 16= 0.17970069519641285
248,Cosine Similarity Kalimat 13 : 14= 0.1692965214274308
249,Cosine Similarity Kalimat 16 : 17= 0.1765512642085017
250,Cosine Similarity Kalimat 14 : 15= 0.22707950756869266
251,Cosine Similarity Kalimat 13 : 14= 0.1361378730332305
252,Cosine Similarity Kalimat 12 : 13= 0.11432246351642061
253,Cosine Similarity Kalimat 15 : 16= 0.20819828760592166
254,Cosine Similarity Kalimat 14 : 15= 0.10741479379450415
255,Cosine Similarity Kalimat 13 : 14= 0.13079225165351088
256,Cosine Similarity Kalimat 12 : 13= 0.17924642729263746
257,Cosine Similarity Kalimat 18 : 19= 0.1121804015223054
258,Cosine Similarity Kalimat 17 : 18= 0.19493288445065318
259,Cosine Similarity Kalimat 14 : 15= 0.14175276989207589
260,Cosine Similarity Kalimat 16 : 17= 0.0940065665585252
261,Cosine Similarity Kalimat 13 : 16= 0.08967431741581071
262,Cosine Similarity Kalimat 13 : 15= 0.09535528136452724
263,Cosine Similarity Kalimat 14 : 17= 0.18187256512141978
264,Cosine Similarity Kalimat 14 : 15= 0.08113356440478171
265,Cosine Similarity Kalimat 18 : 19= 0.1889047547147999
266,Cosine Similarity Kalimat 12 : 13= 0.14890067782046065
267,Cosine Similarity Kalimat 9 : 11= 0.09657062785358735
268,Cosine Similarity Kalimat 16 : 17= 0.08449269769792163
269,Cosine Similarity Kalimat 13 : 14= 0.2805699276663007
270,Cosine Similarity Kalimat 18 : 19= 0.283706897738274
271,Cosine Similarity Kalimat 13 : 14= 0.10742018658249432
272,Cosine Similarity Kalimat 14 : 15= 0.12916253747521794
273,Cosine Similarity Kalimat 7 : 8= 0.1349536353540356
274,Cosine Similarity Kalimat 7 : 8= 0.15809454797708156
275,Cosine Similarity Kalimat 11 : 12= 0.10845765949545846
276,Cosine Similarity Kalimat 20 : 22= 0.12549264232741528
277,Cosine Similarity Kalimat 16 : 17= 0.09867485546729461
278,Cosine Similarity Kalimat 21 : 22= 0.14274156339662766
279,Cosine Similarity Kalimat 4 : 5= 0.11920481668826788
280,Cosine Similarity Kalimat 10 : 11= 0.1717303330831122
281,Cosine Similarity Kalimat 10 : 11= 0.141838306250949
282,Cosine Similarity Kalimat 14 : 15= 0.11959188615426995
283,Cosine Similarity Kalimat 14 : 15= 0.11197899995546101
284,Cosine Similarity Kalimat 6 : 7= 0.25133285716499615
285,Cosine Similarity Kalimat 13 : 14= 0.12071462851294847
286,Cosine Similarity Kalimat 13 : 14= 0.08982419487712726
287,Cosine Similarity Kalimat 22 : 23= 0.18173938759651115
288,Cosine Similarity Kalimat 4 : 5= 0.16939768976831787
289,Cosine Similarity Kalimat 11 : 14= 0.13974788011256592
290,Cosine Similarity Kalimat 11 : 14= 0.08603490511510731
291,Cosine Similarity Kalimat 16 : 17= 0.16416775800897904
292,Cosine Similarity Kalimat 10 : 11= 0.08034214266041113
293,Cosine Similarity Kalimat 20 : 21= 0.11075058583597927
294,Cosine Similarity Kalimat 12 : 13= 0.1482806289477642
295,Cosine Similarity Kalimat 17 : 19= 0.16663141218539132
296,Cosine Similarity Kalimat 11 : 12= 0.08820792769157755
297,Cosine Similarity Kalimat 16 : 19= 0.1221328740929237
298,Cosine Similarity Kalimat 13 : 14= 0.15120695651473345
299,Cosine Similarity Kalimat 16 : 19= 0.08974755453365423
300,Cosine Similarity Kalimat 13 : 15= 0.15440493534701516
301,Cosine Similarity Kalimat 16 : 18= 0.23021408837763313
302,Cosine Similarity Kalimat 15 : 16= 0.12921701892066711
303,Cosine Similarity Kalimat 18 : 19= 0.10273144239267717
304,Cosine Similarity Kalimat 18 : 21= 0.21126834810539113
305,Cosine Similarity Kalimat 11 : 13= 0.10119319857328489
306,Cosine Similarity Kalimat 21 : 23= 0.10066324298223471
307,Cosine Similarity Kalimat 17 : 18= 0.14835440458988458
308,Cosine Similarity Kalimat 11 : 12= 0.10796778819165957
309,Cosine Similarity Kalimat 12 : 13= 0.08594811691717642
310,Cosine Similarity Kalimat 16 : 18= 0.08521647988717677
311,Cosine Similarity Kalimat 17 : 18= 0.09992544830890697
312,Cosine Similarity Kalimat 20 : 21= 0.1591487814871291
313,Cosine Similarity Kalimat 12 : 13= 0.309900410337836
314,Cosine Similarity Kalimat 14 : 15= 0.08051291201726457
315,Cosine Similarity Kalimat 9 : 10= 0.18249907710344665
316,Cosine Similarity Kalimat 12 : 14= 0.10006600495408059
317,Cosine Similarity Kalimat 14 : 15= 0.12339984427869298
318,Cosine Similarity Kalimat 15 : 16= 0.27053180357424084
319,Cosine Similarity Kalimat 16 : 18= 0.26525070336782397
320,Cosine Similarity Kalimat 20 : 21= 0.1028966796927242
321,Cosine Similarity Kalimat 9 : 11= 0.11020333452409731
322,Cosine Similarity Kalimat 23 : 24= 0.08166750613898847
323,Cosine Similarity Kalimat 11 : 12= 0.17182795919617647
324,Cosine Similarity Kalimat 13 : 14= 0.12245918754440044
325,Cosine Similarity Kalimat 24 : 26= 0.23772350527852387
326,Cosine Similarity Kalimat 8 : 9= 0.22299962610783025
327,Cosine Similarity Kalimat 22 : 23= 0.2314481905455923
328,Cosine Similarity Kalimat 11 : 12= 0.09266271718054515
329,Cosine Similarity Kalimat 13 : 14= 0.21240151060774295
330,Cosine Similarity Kalimat 14 : 17= 0.09703414235518637
331,Cosine Similarity Kalimat 7 : 13= 0.09973196947464899
332,Cosine Similarity Kalimat 16 : 20= 0.12784174492363296
333,Cosine Similarity Kalimat 16 : 18= 0.08472445429956689
334,Cosine Similarity Kalimat 11 : 13= 0.08216942949743375
335,Cosine Similarity Kalimat 23 : 25= 0.1618507489956505
336,Cosine Similarity Kalimat 11 : 13= 0.11743845740209885
337,Cosine Similarity Kalimat 8 : 9= 0.19416829176799022
338,Cosine Similarity Kalimat 14 : 15= 0.3405097321868854
339,Cosine Similarity Kalimat 14 : 15= 0.14188277692830192
340,Cosine Similarity Kalimat 16 : 17= 0.24124914631877542
341,Cosine Similarity Kalimat 14 : 16= 0.24319415521163554
342,Cosine Similarity Kalimat 18 : 20= 0.11407998124298947
343,Cosine Similarity Kalimat 12 : 13= 0.1559189445168976
344,Cosine Similarity Kalimat 16 : 17= 0.41412197758994085
345,Cosine Similarity Kalimat 13 : 14= 0.1950717607163023
346,Cosine Similarity Kalimat 16 : 18= 0.2778555211765033
347,Cosine Similarity Kalimat 12 : 14= 0.15821137531499774
348,Cosine Similarity Kalimat 12 : 13= 0.12374273624347726
349,Cosine Similarity Kalimat 6 : 8= 0.15536041482668367
350,Cosine Similarity Kalimat 17 : 18= 0.16966318595679222
351,Cosine Similarity Kalimat 12 : 14= 0.11768426345232237
352,Cosine Similarity Kalimat 29 : 30= 0.13433397519440493
353,Cosine Similarity Kalimat 21 : 22= 0.22213714003120932
354,Cosine Similarity Kalimat 17 : 18= 0.1409404759146965
355,Cosine Similarity Kalimat 22 : 24= 0.09966567719738668
356,Cosine Similarity Kalimat 10 : 12= 0.13127710628074044
357,Cosine Similarity Kalimat 9 : 10= 0.10478596733616595
358,Cosine Similarity Kalimat 11 : 12= 0.261954194575683
359,Cosine Similarity Kalimat 19 : 20= 0.14770485172199005
360,Cosine Similarity Kalimat 21 : 23= 0.13485963694814723
361,Cosine Similarity Kalimat 17 : 18= 0.12667547489646805
362,Cosine Similarity Kalimat 11 : 12= 0.2398181015437051
363,Cosine Similarity Kalimat 15 : 17= 0.21897674724928073
364,Cosine Similarity Kalimat 13 : 14= 0.1360385554052731
365,Cosine Similarity Kalimat 18 : 19= 0.418924518774088
366,Cosine Similarity Kalimat 8 : 9= 0.09426561925416299
367,Cosine Similarity Kalimat 15 : 17= 0.17042841631339908
368,Cosine Similarity Kalimat 17 : 18= 0.14334254213931563
369,Cosine Similarity Kalimat 11 : 13= 0.18188778942633357
370,Cosine Similarity Kalimat 10 : 11= 0.12302447995276296
371,Cosine Similarity Kalimat 25 : 26= 0.1555237727114286
372,Cosine Similarity Kalimat 17 : 18= 0.21007472173320463
373,Cosine Similarity Kalimat 14 : 15= 0.10749031909254567
374,Cosine Similarity Kalimat 14 : 15= 0.20139183034574223
375,Cosine Similarity Kalimat 13 : 14= 0.16081583307241665
376,Cosine Similarity Kalimat 17 : 18= 0.12381460343434192
377,Cosine Similarity Kalimat 17 : 19= 0.08718178820211406
378,Cosine Similarity Kalimat 11 : 12= 0.27155174602128296
379,Cosine Similarity Kalimat 15 : 16= 0.231540835991604
380,Cosine Similarity Kalimat 16 : 17= 0.13914863634506972
381,Cosine Similarity Kalimat 18 : 19= 0.09235158647643513
382,Cosine Similarity Kalimat 6 : 7= 0.11727179320614597
383,Cosine Similarity Kalimat 16 : 17= 0.1419230763913567
384,Cosine Similarity Kalimat 18 : 19= 0.15035213698493774
385,Cosine Similarity Kalimat 14 : 15= 0.13209106260456094
386,Cosine Similarity Kalimat 20 : 21= 0.1261611429201142
387,Cosine Similarity Kalimat 16 : 17= 0.0836183478840187
388,Cosine Similarity Kalimat 13 : 14= 0.10332721268254505
389,Cosine Similarity Kalimat 14 : 15= 0.093831662087863
390,Cosine Similarity Kalimat 15 : 17= 0.0961191380917024
391,Cosine Similarity Kalimat 12 : 13= 0.12239828960118587
392,Cosine Similarity Kalimat 14 : 16= 0.10733457216639404
393,Cosine Similarity Kalimat 17 : 18= 0.12944268427177924
394,Cosine Similarity Kalimat 13 : 14= 0.09296233253403888
395,Cosine Similarity Kalimat 6 : 7= 0.12492792363441597
396,Cosine Similarity Kalimat 20 : 21= 0.17733543475345068
397,Cosine Similarity Kalimat 11 : 12= 0.08595997864756875
398,Cosine Similarity Kalimat 15 : 18= 0.125216646696975
399,Cosine Similarity Kalimat 14 : 16= 0.10124938812750411
400,Cosine Similarity Kalimat 13 : 14= 0.109523373002148
401,Cosine Similarity Kalimat 17 : 18= 0.10056506338307472
402,Cosine Similarity Kalimat 14 : 15= 0.1369108029281032
403,Cosine Similarity Kalimat 9 : 10= 0.10679141789810466
404,Cosine Similarity Kalimat 14 : 15= 0.1813349779074993
405,Cosine Similarity Kalimat 14 : 16= 0.11697092128556989
406,Cosine Similarity Kalimat 6 : 8= 0.11278761621823846
407,Cosine Similarity Kalimat 11 : 15= 0.15968426995452084
408,Cosine Similarity Kalimat 21 : 23= 0.15281775274210324
409,Cosine Similarity Kalimat 9 : 10= 0.116580307460861
410,Cosine Similarity Kalimat 11 : 14= 0.10732250377998642
411,Cosine Similarity Kalimat 9 : 11= 0.1204342446951725
412,Cosine Similarity Kalimat 12 : 13= 0.10194910052158422
413,Cosine Similarity Kalimat 14 : 15= 0.3454406961134758
414,Cosine Similarity Kalimat 14 : 15= 0.2351448262442983
415,Cosine Similarity Kalimat 24 : 25= 0.11541907972661547
416,Cosine Similarity Kalimat 15 : 16= 0.09382098284211149
417,Cosine Similarity Kalimat 11 : 13= 0.12281688298661558
418,Cosine Similarity Kalimat 20 : 22= 0.08850466104194776
419,Cosine Similarity Kalimat 18 : 19= 0.1534133116313345
420,Cosine Similarity Kalimat 11 : 12= 0.2419994563085823
421,Cosine Similarity Kalimat 15 : 17= 0.08318270945233781
422,Cosine Similarity Kalimat 14 : 15= 0.10777086463194588
423,Cosine Similarity Kalimat 18 : 20= 0.1045085586521145
424,Cosine Similarity Kalimat 10 : 13= 0.15703057495351197
425,Cosine Similarity Kalimat 16 : 18= 0.15369362906480466
426,Cosine Similarity Kalimat 16 : 17= 0.18694322919912765
427,Cosine Similarity Kalimat 14 : 15= 0.374599986915234
428,Cosine Similarity Kalimat 14 : 16= 0.09579328613782773
429,Cosine Similarity Kalimat 19 : 20= 0.16833009338620472
430,Cosine Similarity Kalimat 21 : 22= 0.23916575003369622
431,Cosine Similarity Kalimat 11 : 12= 0.1397363994307509
432,Cosine Similarity Kalimat 13 : 14= 0.11425004470711714
433,Cosine Similarity Kalimat 16 : 18= 0.14406169334279972
434,Cosine Similarity Kalimat 14 : 15= 0.2361737140551008
435,Cosine Similarity Kalimat 6 : 9= 0.2686606061657792
436,Cosine Similarity Kalimat 26 : 27= 0.14841851923715674
437,Cosine Similarity Kalimat 13 : 15= 0.12622067770871673
438,Cosine Similarity Kalimat 13 : 14= 0.20188956974501454
439,Cosine Similarity Kalimat 18 : 19= 0.3503003156597045
440,Cosine Similarity Kalimat 21 : 22= 0.2221303918788911
441,Cosine Similarity Kalimat 17 : 18= 0.3152105189487747
442,Cosine Similarity Kalimat 10 : 12= 0.08400083977604014
443,Cosine Similarity Kalimat 18 : 20= 0.20814071607835136
444,Cosine Similarity Kalimat 10 : 12= 0.08378869032669362
445,Cosine Similarity Kalimat 12 : 13= 0.0920646342805424
446,Cosine Similarity Kalimat 18 : 19= 0.08339836276905588
447,Cosine Similarity Kalimat 15 : 16= 0.10598986353034273
448,Cosine Similarity Kalimat 10 : 11= 0.11143577764620323
449,Cosine Similarity Kalimat 11 : 12= 0.14272241830080384
450,Cosine Similarity Kalimat 15 : 16= 0.17246190483615148
451,Cosine Similarity Kalimat 14 : 17= 0.1269751026599225
452,Cosine Similarity Kalimat 13 : 14= 0.12200970189611651
453,Cosine Similarity Kalimat 13 : 16= 0.08106376936182094
454,Cosine Similarity Kalimat 19 : 20= 0.0884413893384146
455,Cosine Similarity Kalimat 14 : 15= 0.4593336095205457
456,Cosine Similarity Kalimat 17 : 18= 0.13304005561085722
457,Cosine Similarity Kalimat 22 : 23= 0.2046450911590132
458,Cosine Similarity Kalimat 12 : 13= 0.09486645924212511
459,Cosine Similarity Kalimat 12 : 14= 0.09160023152165886
460,Cosine Similarity Kalimat 13 : 16= 0.1443144488500256
461,Cosine Similarity Kalimat 13 : 14= 0.09756278799028775
462,Cosine Similarity Kalimat 21 : 25= 0.19147887146076248
463,Cosine Similarity Kalimat 14 : 15= 0.08192923571824641
464,Cosine Similarity Kalimat 12 : 13= 0.08258843293098775
465,Cosine Similarity Kalimat 17 : 18= 0.1928677359328438
466,Cosine Similarity Kalimat 14 : 16= 0.11513193649709261
467,Cosine Similarity Kalimat 9 : 10= 0.11737843753424687
468,Cosine Similarity Kalimat 14 : 16= 0.1358852309590025
469,Cosine Similarity Kalimat 19 : 20= 0.10644977354061488
470,Cosine Similarity Kalimat 17 : 20= 0.08456438688231696
471,Cosine Similarity Kalimat 14 : 15= 0.1590505039618962
472,Cosine Similarity Kalimat 14 : 15= 0.166025945478821
473,Cosine Similarity Kalimat 14 : 15= 0.1260906284953852
474,Cosine Similarity Kalimat 12 : 13= 0.08742028066215182
475,Cosine Similarity Kalimat 20 : 21= 0.10558214723420564
476,Cosine Similarity Kalimat 13 : 14= 0.21273598590494444
477,Cosine Similarity Kalimat 13 : 14= 0.25564204724314527
478,Cosine Similarity Kalimat 23 : 24= 0.19584302768764283
479,Cosine Similarity Kalimat 8 : 9= 0.12650657775119722
480,Cosine Similarity Kalimat 10 : 11= 0.2905596616458743
481,Cosine Similarity Kalimat 6 : 9= 0.10969468563927504
482,Cosine Similarity Kalimat 13 : 14= 0.34281847523613296
483,Cosine Similarity Kalimat 14 : 16= 0.12793315551194706
484,Cosine Similarity Kalimat 10 : 11= 0.2758827524200171
485,Cosine Similarity Kalimat 9 : 10= 0.08505045738343614
486,Cosine Similarity Kalimat 11 : 13= 0.15742383210184707
487,Cosine Similarity Kalimat 13 : 15= 0.26773939479944286
488,Cosine Similarity Kalimat 14 : 15= 0.1985140502161153
489,Cosine Similarity Kalimat 12 : 14= 0.1542726114976827
490,Cosine Similarity Kalimat 19 : 20= 0.21008311101252647
491,Cosine Similarity Kalimat 13 : 18= 0.0883173795634265
492,Cosine Similarity Kalimat 20 : 21= 0.15453100833392808
493,Cosine Similarity Kalimat 17 : 18= 0.2599825110801865
494,Cosine Similarity Kalimat 10 : 11= 0.11384944481146062
495,Cosine Similarity Kalimat 16 : 17= 0.10092016063807631
496,Cosine Similarity Kalimat 11 : 13= 0.09189851841144311
497,Cosine Similarity Kalimat 16 : 17= 0.11837588897294887
498,Cosine Similarity Kalimat 14 : 16= 0.10004325428697967
499,Cosine Similarity Kalimat 14 : 17= 0.13532006636267824
500,Cosine Similarity Kalimat 17 : 18= 0.1652599734700123
501,Cosine Similarity Kalimat 26 : 27= 0.31332483424716173
502,Cosine Similarity Kalimat 10 : 13= 0.13045972485751578
503,Cosine Similarity Kalimat 13 : 15= 0.09456984517235832
504,Cosine Similarity Kalimat 21 : 22= 0.16738402715010983
505,Cosine Similarity Kalimat 21 : 23= 0.10122767480497527
506,Cosine Similarity Kalimat 17 : 19= 0.13780976219691904
507,Cosine Similarity Kalimat 13 : 15= 0.19847521214818542
508,Cosine Similarity Kalimat 22 : 23= 0.25706301478682575
509,Cosine Similarity Kalimat 15 : 16= 0.17958022904834892
510,Cosine Similarity Kalimat 15 : 16= 0.08702465371177619
511,Cosine Similarity Kalimat 15 : 16= 0.1617033654624762
512,Cosine Similarity Kalimat 14 : 15= 0.1596666791020904
513,Cosine Similarity Kalimat 16 : 17= 0.17561695453581508
514,Cosine Similarity Kalimat 13 : 14= 0.15698248160791567
515,Cosine Similarity Kalimat 9 : 11= 0.5571022965818078
516,Cosine Similarity Kalimat 24 : 25= 0.26428662000234715
517,Cosine Similarity Kalimat 10 : 13= 0.13516102741554079
518,Cosine Similarity Kalimat 15 : 18= 0.08733834755314958
519,Cosine Similarity Kalimat 14 : 17= 0.08897678896158587
520,Cosine Similarity Kalimat 16 : 19= 0.2181098111089921
521,Cosine Similarity Kalimat 10 : 11= 0.09604882884988583
522,Cosine Similarity Kalimat 17 : 19= 0.12505762112547367
523,Cosine Similarity Kalimat 21 : 22= 0.09023088711823213
524,Cosine Similarity Kalimat 6 : 7= 0.18744368086542074
525,Cosine Similarity Kalimat 25 : 27= 0.31732974163268807
526,Cosine Similarity Kalimat 12 : 13= 0.08478111695252982
527,Cosine Similarity Kalimat 19 : 20= 0.09356091613656585
528,Cosine Similarity Kalimat 12 : 13= 0.13230769357631939
529,Cosine Similarity Kalimat 10 : 11= 0.15597759041660159
530,Cosine Similarity Kalimat 15 : 17= 0.081178209349482
531,Cosine Similarity Kalimat 11 : 12= 0.21447413034584867
532,Cosine Similarity Kalimat 18 : 19= 0.13708980291949754
533,Cosine Similarity Kalimat 14 : 16= 0.16727280401589895
534,Cosine Similarity Kalimat 16 : 17= 0.16099134529080011
535,Cosine Similarity Kalimat 16 : 18= 0.18606012331718275
536,Cosine Similarity Kalimat 7 : 8= 0.2542126098042575
537,Cosine Similarity Kalimat 17 : 19= 0.15842146098200396
538,Cosine Similarity Kalimat 11 : 12= 0.08533765410119785
539,Cosine Similarity Kalimat 18 : 20= 0.3357471261479631
540,Cosine Similarity Kalimat 16 : 17= 0.199362628241308
541,Cosine Similarity Kalimat 18 : 20= 0.08086089295878017
542,Cosine Similarity Kalimat 10 : 11= 0.1004224800184918
543,Cosine Similarity Kalimat 12 : 14= 0.3909736025249141
544,Cosine Similarity Kalimat 21 : 22= 0.19955681059216623
545,Cosine Similarity Kalimat 18 : 19= 0.1290368454916064
546,Cosine Similarity Kalimat 25 : 26= 0.20702826289978335
547,Cosine Similarity Kalimat 25 : 26= 0.08729784437573593
548,Cosine Similarity Kalimat 7 : 9= 0.10097755871022912
549,Cosine Similarity Kalimat 27 : 28= 0.11114635013100063
550,Cosine Similarity Kalimat 11 : 13= 0.10234389051387856
551,Cosine Similarity Kalimat 20 : 21= 0.11632407696144033
552,Cosine Similarity Kalimat 8 : 9= 0.1955445261559689
553,Cosine Similarity Kalimat 30 : 31= 0.26826155547953884
554,Cosine Similarity Kalimat 10 : 11= 0.209943724891288
555,Cosine Similarity Kalimat 12 : 14= 0.10512997186168646
556,Cosine Similarity Kalimat 23 : 24= 0.10146799318757063
557,Cosine Similarity Kalimat 20 : 21= 0.11055060057154727
558,Cosine Similarity Kalimat 21 : 22= 0.0920228776230224
559,Cosine Similarity Kalimat 16 : 17= 0.11370811649724415
560,Cosine Similarity Kalimat 21 : 23= 0.1407822375948831
561,Cosine Similarity Kalimat 29 : 30= 0.0909021470814605
562,Cosine Similarity Kalimat 19 : 20= 0.1051273193673738
563,Cosine Similarity Kalimat 27 : 28= 0.11454675422354413
564,Cosine Similarity Kalimat 5 : 8= 0.16512480617340813
565,Cosine Similarity Kalimat 20 : 21= 0.1432387202509147
566,Cosine Similarity Kalimat 9 : 10= 0.10585038789865336
567,Cosine Similarity Kalimat 18 : 20= 0.09412226828088395
568,Cosine Similarity Kalimat 19 : 20= 0.08263194792418979
569,Cosine Similarity Kalimat 17 : 19= 0.17231154516330172
570,Cosine Similarity Kalimat 15 : 16= 0.11102914392908951
571,Cosine Similarity Kalimat 17 : 18= 0.10691617420538357
572,Cosine Similarity Kalimat 27 : 28= 0.16067166759314283
573,Cosine Similarity Kalimat 11 : 12= 0.15054484353660402
574,Cosine Similarity Kalimat 15 : 17= 0.13020249306151657
575,Cosine Similarity Kalimat 52 : 54= 0.10638489835138012
576,Cosine Similarity Kalimat 19 : 21= 0.24599906747922928
577,Cosine Similarity Kalimat 10 : 13= 0.1726438987107914
578,Cosine Similarity Kalimat 22 : 23= 0.20777274544145877
579,Cosine Similarity Kalimat 5 : 6= 0.265228387135385
580,Cosine Similarity Kalimat 12 : 14= 0.13836415592883522
581,Cosine Similarity Kalimat 15 : 16= 0.2344989040382034
582,Cosine Similarity Kalimat 17 : 19= 0.16661744787030272
583,Cosine Similarity Kalimat 15 : 18= 0.12934566951453996
584,Cosine Similarity Kalimat 10 : 11= 0.13608985775486013
585,Cosine Similarity Kalimat 20 : 21= 0.08932387754386419
586,Cosine Similarity Kalimat 22 : 24= 0.39556386825030243
587,Cosine Similarity Kalimat 17 : 19= 0.2728113446161426
588,Cosine Similarity Kalimat 23 : 24= 0.23989390031958358
589,Cosine Similarity Kalimat 19 : 22= 0.2641713129009526
590,Cosine Similarity Kalimat 15 : 17= 0.1247390709415681
591,Cosine Similarity Kalimat 27 : 28= 0.09862986094668838
592,Cosine Similarity Kalimat 8 : 9= 0.08569627966176638
593,Cosine Similarity Kalimat 7 : 8= 0.3390036910655568
594,Cosine Similarity Kalimat 22 : 23= 0.23417523704579216
595,Cosine Similarity Kalimat 17 : 18= 0.20554874450651314
596,Cosine Similarity Kalimat 22 : 23= 0.18294033551633584
597,Cosine Similarity Kalimat 14 : 17= 0.10741117908135583
598,Cosine Similarity Kalimat 19 : 20= 0.155448041329604
599,Cosine Similarity Kalimat 28 : 29= 0.28746581026548684
600,Cosine Similarity Kalimat 16 : 17= 0.14541195993789421
601,Cosine Similarity Kalimat 30 : 31= 0.18537612839163453
602,Cosine Similarity Kalimat 13 : 14= 0.22398645119737462
603,Cosine Similarity Kalimat 23 : 24= 0.09861553531650119
604,Cosine Similarity Kalimat 18 : 19= 0.16683328648543294
605,Cosine Similarity Kalimat 16 : 17= 0.4044914018317343
606,Cosine Similarity Kalimat 22 : 24= 0.47894802144783
607,Cosine Similarity Kalimat 11 : 13= 0.08678894335163581
608,Cosine Similarity Kalimat 29 : 31= 0.21101888442563077
609,Cosine Similarity Kalimat 23 : 24= 0.19350188772556184
610,Cosine Similarity Kalimat 20 : 21= 0.1623888794935095
611,Cosine Similarity Kalimat 14 : 18= 0.326625407701826
612,Cosine Similarity Kalimat 7 : 12= 0.34325922695682326
613,Cosine Similarity Kalimat 16 : 17= 0.09018055187726419
614,Cosine Similarity Kalimat 16 : 17= 0.2827321536704045
615,Cosine Similarity Kalimat 23 : 25= 0.15047146717877216
616,Cosine Similarity Kalimat 19 : 20= 0.23320061972198602
617,Cosine Similarity Kalimat 10 : 11= 0.09417061856200099
618,Cosine Similarity Kalimat 15 : 16= 0.1709921296142579
619,Cosine Similarity Kalimat 21 : 22= 0.1473006959723621
620,Cosine Similarity Kalimat 19 : 20= 0.3887009993604542
621,Cosine Similarity Kalimat 8 : 9= 0.12640256685711926
622,Cosine Similarity Kalimat 27 : 28= 0.24587220639862883
623,Cosine Similarity Kalimat 18 : 19= 0.09232711034480404
624,Cosine Similarity Kalimat 21 : 23= 0.12862306143415947
625,Cosine Similarity Kalimat 18 : 19= 0.15664884104446805
626,Cosine Similarity Kalimat 19 : 20= 0.10625122013008392
627,Cosine Similarity Kalimat 15 : 16= 0.16164378108493654
628,Cosine Similarity Kalimat 13 : 14= 0.18983873588350053
629,Cosine Similarity Kalimat 28 : 29= 0.12837185884997224
630,Cosine Similarity Kalimat 13 : 17= 0.14822266887108318
631,Cosine Similarity Kalimat 30 : 31= 0.10007868716582345
632,Cosine Similarity Kalimat 17 : 18= 0.21945914168015662
633,Cosine Similarity Kalimat 17 : 18= 0.2671462177199149
634,Cosine Similarity Kalimat 31 : 32= 0.15523555063579253
635,Cosine Similarity Kalimat 22 : 23= 0.2520408505077608
636,Cosine Similarity Kalimat 21 : 22= 0.1068456082464293
637,Cosine Similarity Kalimat 17 : 18= 0.3278723817252203
638,Cosine Similarity Kalimat 14 : 15= 0.16036708839087294
639,Cosine Similarity Kalimat 10 : 11= 0.1386604833621647
640,Cosine Similarity Kalimat 19 : 20= 0.08810169278825339
641,Cosine Similarity Kalimat 12 : 13= 0.32340233832578946
642,Cosine Similarity Kalimat 14 : 16= 0.11251677111445141
643,Cosine Similarity Kalimat 7 : 8= 0.09076023707101318
644,Cosine Similarity Kalimat 19 : 20= 0.09937465588163377
645,Cosine Similarity Kalimat 19 : 20= 0.09937465588163377
646,Cosine Similarity Kalimat 12 : 13= 0.1431228637521291
647,Cosine Similarity Kalimat 14 : 17= 0.08178480278939018
648,Cosine Similarity Kalimat 28 : 29= 0.17375404547875636
649,Cosine Similarity Kalimat 24 : 25= 0.0860347272634145
650,Cosine Similarity Kalimat 20 : 22= 0.08767687986476759
651,Cosine Similarity Kalimat 20 : 21= 0.09298012505932739
652,Cosine Similarity Kalimat 17 : 19= 0.1324578742292956
653,Cosine Similarity Kalimat 5 : 6= 0.1387458260166931
654,Cosine Similarity Kalimat 26 : 27= 0.08154582610293365
655,Cosine Similarity Kalimat 13 : 15= 0.09319872328830534
656,Cosine Similarity Kalimat 27 : 28= 0.10319264884411176
657,Cosine Similarity Kalimat 6 : 11= 0.0830476268065728
658,Cosine Similarity Kalimat 16 : 17= 0.2511559902179453
659,Cosine Similarity Kalimat 21 : 22= 0.12176287487410634
660,Cosine Similarity Kalimat 8 : 10= 0.09142434929967752
661,Cosine Similarity Kalimat 7 : 9= 0.17677821317850956
662,Cosine Similarity Kalimat 5 : 6= 0.12868610514398027
663,Cosine Similarity Kalimat 28 : 29= 0.15544360078932062
664,Cosine Similarity Kalimat 16 : 17= 0.30674434116498983
665,Cosine Similarity Kalimat 19 : 20= 0.13960215100182555
666,Cosine Similarity Kalimat 21 : 22= 0.13993825117840064
667,Cosine Similarity Kalimat 18 : 19= 0.11924360764437385
668,Cosine Similarity Kalimat 14 : 15= 0.08324712341665541
669,Cosine Similarity Kalimat 14 : 15= 0.13461914941905226
670,Cosine Similarity Kalimat 14 : 15= 0.19260735224456935
671,Cosine Similarity Kalimat 9 : 10= 0.19408720302050855
672,Cosine Similarity Kalimat 6 : 7= 0.2906309897896633
673,Cosine Similarity Kalimat 11 : 13= 0.12938248345327683
674,Cosine Similarity Kalimat 21 : 24= 0.08746321283659103
675,Cosine Similarity Kalimat 11 : 12= 0.3704063871914408
676,Cosine Similarity Kalimat 21 : 22= 0.21444678999632996
677,Cosine Similarity Kalimat 16 : 17= 0.13800348998080614
678,Cosine Similarity Kalimat 17 : 18= 0.20549745355173402
679,Cosine Similarity Kalimat 19 : 20= 0.0822375120116718
680,Cosine Similarity Kalimat 8 : 9= 0.09671134925150779
681,Cosine Similarity Kalimat 17 : 18= 0.12197976939629152
682,Cosine Similarity Kalimat 9 : 10= 0.09271302391701569
683,Cosine Similarity Kalimat 7 : 8= 0.19142793189228566
684,Cosine Similarity Kalimat 7 : 8= 0.3536880449760864
685,Cosine Similarity Kalimat 7 : 9= 0.28567599062469756
686,Cosine Similarity Kalimat 18 : 19= 0.1401694725462017
687,Cosine Similarity Kalimat 20 : 21= 0.1613628654091813
688,Cosine Similarity Kalimat 14 : 15= 0.13041176723345815
689,Cosine Similarity Kalimat 32 : 33= 0.18955836466381035
690,Cosine Similarity Kalimat 17 : 18= 0.10252683992710779
691,Cosine Similarity Kalimat 18 : 20= 0.08379441185026079
692,Cosine Similarity Kalimat 19 : 20= 0.22117461973740593
693,Cosine Similarity Kalimat 14 : 15= 0.1803782091922512
694,Cosine Similarity Kalimat 11 : 13= 0.15689027586876872
695,Cosine Similarity Kalimat 21 : 22= 0.1550762341033573
696,Cosine Similarity Kalimat 28 : 29= 0.09151852500092555
697,Cosine Similarity Kalimat 6 : 7= 0.1374689787276338
698,Cosine Similarity Kalimat 13 : 14= 0.10549892212996008
699,Cosine Similarity Kalimat 18 : 20= 0.13102235374690577
700,Cosine Similarity Kalimat 12 : 13= 0.11980135418145538
701,Cosine Similarity Kalimat 19 : 20= 0.13511647560523166
702,Cosine Similarity Kalimat 13 : 14= 0.09181234385610942
703,Cosine Similarity Kalimat 17 : 19= 0.08015007717004846
704,Cosine Similarity Kalimat 15 : 16= 0.13855472602677985
705,Cosine Similarity Kalimat 7 : 8= 0.18048021303382483
706,Cosine Similarity Kalimat 9 : 11= 0.15686890285428026
707,Cosine Similarity Kalimat 19 : 20= 0.09979450349582822
708,Cosine Similarity Kalimat 23 : 24= 0.303725655659629
709,Cosine Similarity Kalimat 15 : 16= 0.3030937349758497
710,Cosine Similarity Kalimat 3 : 6= 0.33389646840916953
711,Cosine Similarity Kalimat 28 : 29= 0.12395653005227711
712,Cosine Similarity Kalimat 20 : 22= 0.1957073795492898
713,Cosine Similarity Kalimat 19 : 20= 0.25780119504783866
714,Cosine Similarity Kalimat 21 : 22= 0.253702275485544
715,Cosine Similarity Kalimat 11 : 12= 0.4375914394412344
716,Cosine Similarity Kalimat 19 : 20= 0.300704163716125
717,Cosine Similarity Kalimat 10 : 11= 0.1400628156953307
718,Cosine Similarity Kalimat 17 : 19= 0.12131588411387653
719,Cosine Similarity Kalimat 17 : 18= 0.10637605553787144
720,Cosine Similarity Kalimat 21 : 23= 0.21249233841445125
721,Cosine Similarity Kalimat 26 : 27= 0.12374389222331153
722,Cosine Similarity Kalimat 25 : 26= 0.13328930433783578
723,Cosine Similarity Kalimat 23 : 25= 0.13021182305414136
724,Cosine Similarity Kalimat 16 : 17= 0.08136558873893698
725,Cosine Similarity Kalimat 13 : 14= 0.09959134533747878
726,Cosine Similarity Kalimat 15 : 17= 0.08352309519011739
727,Cosine Similarity Kalimat 19 : 20= 0.12429758120144446
728,Cosine Similarity Kalimat 14 : 16= 0.1520054881104565
729,Cosine Similarity Kalimat 25 : 26= 0.14199407914505652
730,Cosine Similarity Kalimat 14 : 15= 0.22903695296417523
731,Cosine Similarity Kalimat 10 : 11= 0.1390448100895845
732,Cosine Similarity Kalimat 16 : 17= 0.10574572002130334
733,Cosine Similarity Kalimat 15 : 18= 0.20670306922596188
734,Cosine Similarity Kalimat 27 : 28= 0.27202171449508766
735,Cosine Similarity Kalimat 21 : 23= 0.19808164944879333
736,Cosine Similarity Kalimat 19 : 21= 0.13179218230910184
737,Cosine Similarity Kalimat 26 : 27= 0.3730967427954657
738,Cosine Similarity Kalimat 30 : 31= 0.3057256800165585
739,Cosine Similarity Kalimat 17 : 18= 0.1364318128134994
740,Cosine Similarity Kalimat 13 : 17= 0.18745147100026535
741,Cosine Similarity Kalimat 15 : 16= 0.12305982465584019
742,Cosine Similarity Kalimat 10 : 11= 0.13841338806460599
743,Cosine Similarity Kalimat 9 : 11= 0.1032039044829697
744,Cosine Similarity Kalimat 10 : 12= 0.0861561042370707
745,Cosine Similarity Kalimat 16 : 17= 0.08967862366578505
746,Cosine Similarity Kalimat 11 : 12= 0.12151714506180872
747,Cosine Similarity Kalimat 16 : 17= 0.08662549534562139
748,Cosine Similarity Kalimat 13 : 15= 0.14286569759128945
749,Cosine Similarity Kalimat 8 : 9= 0.09062655466047086
750,Cosine Similarity Kalimat 18 : 19= 0.19859662155876498
751,Cosine Similarity Kalimat 12 : 14= 0.1136464587886522
752,Cosine Similarity Kalimat 18 : 19= 0.11582367978174389
753,Cosine Similarity Kalimat 18 : 19= 0.15925635050274833
754,Cosine Similarity Kalimat 20 : 21= 0.13647321555358605
755,Cosine Similarity Kalimat 24 : 25= 0.11158267320185632
756,Cosine Similarity Kalimat 14 : 15= 0.10550647196056083
757,Cosine Similarity Kalimat 15 : 16= 0.08908344564085366
758,Cosine Similarity Kalimat 18 : 19= 0.09097374440807432
759,Cosine Similarity Kalimat 8 : 9= 0.10522667649070444
760,Cosine Similarity Kalimat 24 : 26= 0.1783692143576608
761,Cosine Similarity Kalimat 17 : 18= 0.12417042714839986
762,Cosine Similarity Kalimat 27 : 28= 0.2267803212821095
763,Cosine Similarity Kalimat 16 : 17= 0.10745783117458195
764,Cosine Similarity Kalimat 17 : 18= 0.11282131750697771
765,Cosine Similarity Kalimat 10 : 11= 0.18273998001839012
766,Cosine Similarity Kalimat 18 : 20= 0.13389926600357016
767,Cosine Similarity Kalimat 18 : 19= 0.09799224054042414
768,Cosine Similarity Kalimat 10 : 11= 0.16664218681700735
769,Cosine Similarity Kalimat 28 : 29= 0.25145136738000284
770,Cosine Similarity Kalimat 27 : 28= 0.39100931451222526
771,Cosine Similarity Kalimat 13 : 14= 0.13724938436391643
772,Cosine Similarity Kalimat 19 : 22= 0.09740178139801263
773,Cosine Similarity Kalimat 9 : 10= 0.09716803422329928
774,Cosine Similarity Kalimat 14 : 15= 0.15136093060379385
775,Cosine Similarity Kalimat 12 : 13= 0.2858355793141716
776,Cosine Similarity Kalimat 18 : 19= 0.13244690557596203
777,Cosine Similarity Kalimat 11 : 12= 0.15770926483011782
778,Cosine Similarity Kalimat 16 : 17= 0.4544291924318338
779,Cosine Similarity Kalimat 12 : 13= 0.16685090486977439
780,Cosine Similarity Kalimat 19 : 20= 0.09729648545174144
781,Cosine Similarity Kalimat 22 : 23= 0.12193645785086776
782,Cosine Similarity Kalimat 18 : 20= 0.0879959675607562
783,Cosine Similarity Kalimat 27 : 28= 0.16888196398642305
784,Cosine Similarity Kalimat 21 : 22= 0.21865978510851472
785,Cosine Similarity Kalimat 18 : 20= 0.09332361858770366
786,Cosine Similarity Kalimat 11 : 12= 0.17359635658249173
787,Cosine Similarity Kalimat 5 : 6= 0.2980846079240689
788,Cosine Similarity Kalimat 34 : 35= 0.15142502313434283
789,Cosine Similarity Kalimat 18 : 20= 0.13257808697884188
790,Cosine Similarity Kalimat 18 : 19= 0.10118706622785831
791,Cosine Similarity Kalimat 22 : 23= 0.1292461189324081
792,Cosine Similarity Kalimat 17 : 19= 0.4613363426202608
793,Cosine Similarity Kalimat 20 : 21= 0.14242945162526255
794,Cosine Similarity Kalimat 15 : 19= 0.1230260599215327
795,Cosine Similarity Kalimat 15 : 16= 0.24391969596429283
796,Cosine Similarity Kalimat 5 : 6= 0.204759938190655
797,Cosine Similarity Kalimat 30 : 31= 0.10739692381522907
798,Cosine Similarity Kalimat 12 : 13= 0.143103902706926
799,Cosine Similarity Kalimat 23 : 24= 0.18368494574652944
800,Cosine Similarity Kalimat 21 : 22= 0.11513200937845311
801,Cosine Similarity Kalimat 12 : 14= 0.13050197959166202
802,Cosine Similarity Kalimat 17 : 18= 0.11215051266248148
803,Cosine Similarity Kalimat 25 : 26= 0.09732040644481885
804,Cosine Similarity Kalimat 16 : 18= 0.12070211361838466
805,Cosine Similarity Kalimat 14 : 15= 0.0801763896310123
806,Cosine Similarity Kalimat 11 : 13= 0.3787757921205938
807,Cosine Similarity Kalimat 7 : 9= 0.08494890130981748
808,Cosine Similarity Kalimat 29 : 30= 0.08548140425279119
809,Cosine Similarity Kalimat 12 : 13= 0.3591147314330119
